Workbook

Sheet Sheet1
A1: Source: figure 3 and 4 of https://www.climateworkscentre.org/resource/climateworks-centre-decarbonisation-scenarios-2023-australia-can-still-meet-the-paris-agreement/
A2: year | B2: scenario | C2: mt_co2e | D2: consumption_twh
A3: 2024 | B3: CW 1.5 | C3: 159.2 | D3: 278 | E3: (this number is made up, hacky for this: https://www.energy.gov.au/energy-data/australian-energy-statistics/electricity-generation)
A4: 2026 | B4: CW 1.5 | C4: 98.9 | D4: =generation_1.5C!G2 -> 300
A5: 2028 | B5: CW 1.5 | C5: 70.2 | D5: =generation_1.5C!G3 -> 322.1
A6: =A5+2 -> 2030 | B6: CW 1.5 | C6: 37.6 | D6: =generation_1.5C!G4 -> 371.8
A7: =A6+2 -> 2032 | B7: CW 1.5 | C7: 14.8 | D7: =generation_1.5C!G5 -> 419.1
A8: =A7+2 -> 2034 | B8: CW 1.5 | C8: 5 | D8: =generation_1.5C!G6 -> 488.5
A9: =A8+2 -> 2036 | B9: CW 1.5 | C9: 5.1 | D9: =generation_1.5C!G7 -> 545.3
A10: =A9+2 -> 2038 | B10: CW 1.5 | C10: 3.9 | D10: =generation_1.5C!G8 -> 611.9
A11: =A10+2 -> 2040 | B11: CW 1.5 | C11: 4 | D11: =generation_1.5C!G9 -> 688.2
A12: =A11+2 -> 2042 | B12: CW 1.5 | C12: 3.8 | D12: =generation_1.5C!G10 -> 766.8
A13: =A12+2 -> 2044 | B13: CW 1.5 | C13: 3.2 | D13: =generation_1.5C!G11 -> 847.2
A14: =A13+2 -> 2046 | B14: CW 1.5 | C14: 2.4 | D14: =generation_1.5C!G12 -> 869.5
A15: =A14+2 -> 2048 | B15: CW 1.5 | C15: 1.8 | D15: =generation_1.5C!G13 -> 890.4
A16: =A15+2 -> 2050 | B16: CW 1.5 | C16: 0.7 | D16: =generation_1.5C!G14 -> 926
A17: 2024 | B17: CW < 2 | C17: 159.2 | D17: =D3 -> 278
A18: =A17+2 -> 2026 | B18: CW < 2 | C18: 134.1 | D18: =Sheet2!G2 -> 299.5
A19: =A18+2 -> 2028 | B19: CW < 2 | C19: 99.1 | D19: =Sheet2!G3 -> 321.4
A20: =A19+2 -> 2030 | B20: CW < 2 | C20: 65.9 | D20: =Sheet2!G4 -> 375.1
A21: =A20+2 -> 2032 | B21: CW < 2 | C21: 42.2 | D21: =Sheet2!G5 -> 400.1
A22: =A21+2 -> 2034 | B22: CW < 2 | C22: 29.1 | D22: =Sheet2!G6 -> 426.4
A23: =A22+2 -> 2036 | B23: CW < 2 | C23: 23.1 | D23: =Sheet2!G7 -> 452.8
A24: =A23+2 -> 2038 | B24: CW < 2 | C24: 7.7 | D24: =Sheet2!G8 -> 496.2
A25: =A24+2 -> 2040 | B25: CW < 2 | C25: 6.2 | D25: =Sheet2!G9 -> 547.5
A26: =A25+2 -> 2042 | B26: CW < 2 | C26: 4.9 | D26: =Sheet2!G10 -> 584.6
A27: =A26+2 -> 2044 | B27: CW < 2 | C27: 4.1 | D27: =Sheet2!G11 -> 644.6
A28: =A27+2 -> 2046 | B28: CW < 2 | C28: 3.1 | D28: =Sheet2!G12 -> 694.8
A29: =A28+2 -> 2048 | B29: CW < 2 | C29: 2.6 | D29: =Sheet2!G13 -> 731.7
A30: =A29+2 -> 2050 | B30: CW < 2 | C30: 1.2 | D30: =Sheet2!G14 -> 784.8

Sheet generation_1.5C
A1: year | B1: hydro | C1: solar | D1: wind | E1: gas | F1: coal | G1: total
A2: 2026 | B2: 20.6 | C2: 104.5 | D2: 71.4 | E2: 20.3 | F2: 83.2 | G2: =SUM(B2:F2) -> 300
A3: 2028 | B3: 20.2 | C3: 118.1 | D3: 105.1 | E3: 22.1 | F3: 56.6 | G3: =SUM(B3:F3) -> 322.1
A4: 2030 | B4: 20.6 | C4: 138 | D4: 170.8 | E4: 13.5 | F4: 28.9 | G4: =SUM(B4:F4) -> 371.8
A5: 2032 | B5: 20.2 | C5: 164.8 | D5: 212.1 | E5: 14.1 | F5: 7.9 | G5: =SUM(B5:F5) -> 419.1
A6: 2034 | B6: 20.5 | C6: 173.4 | D6: 285.2 | E6: 9.4 | F6: 0 | G6: =SUM(B6:F6) -> 488.5
A7: 2036 | B7: 20.5 | C7: 182.7 | D7: 332.5 | E7: 9.6 | G7: =SUM(B7:F7) -> 545.3
A8: 2038 | B8: 19.9 | C8: 209 | D8: 375.9 | E8: 7.1 | G8: =SUM(B8:F8) -> 611.9
A9: 2040 | B9: 19.9 | C9: 270.6 | D9: 390.2 | E9: 7.5 | G9: =SUM(B9:F9) -> 688.2
A10: 2042 | B10: 19.9 | C10: 318.4 | D10: 421.6 | E10: 6.9 | G10: =SUM(B10:F10) -> 766.8
A11: 2044 | B11: 19.9 | C11: 366.2 | D11: 455.2 | E11: 5.9 | G11: =SUM(B11:F11) -> 847.2
A12: 2046 | B12: 19.9 | C12: 373.8 | D12: 471 | E12: 4.8 | G12: =SUM(B12:F12) -> 869.5
A13: 2048 | B13: 19.9 | C13: 388.4 | D13: 478.6 | E13: 3.5 | G13: =SUM(B13:F13) -> 890.4
A14: 2050 | B14: 19.9 | C14: 405.4 | D14: 499 | E14: 1.7 | G14: =SUM(B14:F14) -> 926

Sheet Sheet2
A1: year | B1: hydro | C1: solar | D1: wind | E1: gas | F1: coal | G1: total
A2: 2026 | B2: 20.6 | C2: 78.9 | D2: 64.2 | E2: 23.3 | F2: 112.5 | G2: =SUM(B2:F2) -> 299.5
A3: 2028 | B3: 20.5 | C3: 97.8 | D3: 103.6 | E3: 14.9 | F3: 84.6 | G3: =SUM(B3:F3) -> 321.4
A4: 2030 | B4: 20.6 | C4: 141.4 | D4: 140.7 | E4: 20.4 | F4: 52 | G4: =SUM(B4:F4) -> 375.1
A5: 2032 | B5: 20.1 | C5: 146.8 | D5: 185.3 | E5: 13.9 | F5: 34 | G5: =SUM(B5:F5) -> 400.1
A6: 2034 | B6: 20.1 | C6: 145.9 | D6: 224.4 | E6: 12.7 | F6: 23.3 | G6: =SUM(B6:F6) -> 426.4
A7: 2036 | B7: 20.4 | C7: 160.4 | D7: 241.7 | E7: 13.9 | F7: 16.4 | G7: =SUM(B7:F7) -> 452.8
A8: 2038 | B8: 19.7 | C8: 178.8 | D8: 284.9 | E8: 10.7 | F8: 2.1 | G8: =SUM(B8:F8) -> 496.2
A9: 2040 | B9: 19.9 | C9: 224.8 | D9: 291.7 | E9: 10.2 | F9: 0.9 | G9: =SUM(B9:F9) -> 547.5
A10: 2042 | B10: 19.9 | C10: 252.7 | D10: 302.7 | E10: 9.3 | F10: 0 | G10: =SUM(B10:F10) -> 584.6
A11: 2044 | B11: 19.9 | C11: 287.3 | D11: 329.6 | E11: 7.8 | G11: =SUM(B11:F11) -> 644.6
A12: 2046 | B12: 19.9 | C12: 303.6 | D12: 364.9 | E12: 6.4 | G12: =SUM(B12:F12) -> 694.8
A13: 2048 | B13: 19.9 | C13: 332.6 | D13: 374 | E13: 5.2 | G13: =SUM(B13:F13) -> 731.7
A14: 2050 | B14: 19.8 | C14: 362.1 | D14: 400.3 | E14: 2.6 | G14: =SUM(B14:F14) -> 784.8
