Workbook
Name Summary_CDP: 'NEM Emissions'!#REF!

Sheet Summary
A2: Key demand fields highlighted in grey
A4: NEM
A5: Source | B5: AEMO ESOO 2024
A6: NEM Demand breakdown
A7: Financial Year | C7: 2017 | D7: 2018 | E7: 2019 | F7: 2020 | G7: 2021 | H7: 2022 | I7: 2023 | J7: 2024 | K7: 2025 | L7: 2026 | M7: 2027 | N7: 2028 | O7: 2029 | P7: 2030 | Q7: 2031 | R7: 2032 | S7: 2033 | T7: 2034 | U7: 2035 | V7: 2036 | W7: 2037 | X7: 2038 | Y7: 2039 | Z7: 2040 | AA7: 2041 | AB7: 2042 | AC7: 2043 | AD7: 2044 | AE7: 2045 | AF7: 2046 | AG7: 2047 | AH7: 2048 | AI7: 2049 | AJ7: 2050 | AK7: 2051 | AL7: 2052 | AM7: 2053 | AN7: 2054 | AO7: 2055
A8: Residential | B8: GWh | K8: =SUMIFS('NEM demand data'!$I$2:$I$4357,'NEM demand data'!$D$2:$D$4357,Summary!$A8,'NEM demand data'!$F$2:$F$4357,Summary!$A$4,'NEM demand data'!$H$2:$H$4357,Summary!K$7)*1000 -> 33853.6 | L8: =SUMIFS('NEM demand data'!$I$2:$I$4357,'NEM demand data'!$D$2:$D$4357,Summary!$A8,'NEM demand data'!$F$2:$F$4357,Summary!$A$4,'NEM demand data'!$H$2:$H$4357,Summary!L$7)*1000 -> 31302.1 | M8: =SUMIFS('NEM demand data'!$I$2:$I$4357,'NEM demand data'!$D$2:$D$4357,Summary!$A8,'NEM demand data'!$F$2:$F$4357,Summary!$A$4,'NEM demand data'!$H$2:$H$4357,Summary!M$7)*1000 -> 28739.8 | N8: =SUMIFS('NEM demand data'!$I$2:$I$4357,'NEM demand data'!$D$2:$D$4357,Summary!$A8,'NEM demand data'!$F$2:$F$4357,Summary!$A$4,'NEM demand data'!$H$2:$H$4357,Summary!N$7)*1000 -> 26255.6 | O8: =SUMIFS('NEM demand data'!$I$2:$I$4357,'NEM demand data'!$D$2:$D$4357,Summary!$A8,'NEM demand data'!$F$2:$F$4357,Summary!$A$4,'NEM demand data'!$H$2:$H$4357,Summary!O$7)*1000 -> 24153.6 | P8: =SUMIFS('NEM demand data'!$I$2:$I$4357,'NEM demand data'!$D$2:$D$4357,Summary!$A8,'NEM demand data'!$F$2:$F$4357,Summary!$A$4,'NEM demand data'!$H$2:$H$4357,Summary!P$7)*1000 -> 22550.6 | Q8: =SUMIFS('NEM demand data'!$I$2:$I$4357,'NEM demand data'!$D$2:$D$4357,Summary!$A8,'NEM demand data'!$F$2:$F$4357,Summary!$A$4,'NEM demand data'!$H$2:$H$4357,Summary!Q$7)*1000 -> 20707.6 | R8: =SUMIFS('NEM demand data'!$I$2:$I$4357,'NEM demand data'!$D$2:$D$4357,Summary!$A8,'NEM demand data'!$F$2:$F$4357,Summary!$A$4,'NEM demand data'!$H$2:$H$4357,Summary!R$7)*1000 -> 18727.5 | ... AN8: =SUMIFS('NEM demand data'!$I$2:$I$4357,'NEM demand data'!$D$2:$D$4357,Summary!$A8,'NEM demand data'!$F$2:$F$4357,Summary!$A$4,'NEM demand data'!$H$2:$H$4357,Summary!AN$7)*1000 -> -20716.8 | AO8: =AN8/AM8*AN8 -> -21312.024
A9: Business | B9: GWh | K9: =SUMIFS('NEM demand data'!$I$2:$I$4357,'NEM demand data'!$D$2:$D$4357,Summary!$A9,'NEM demand data'!$F$2:$F$4357,Summary!$A$4,'NEM demand data'!$H$2:$H$4357,Summary!K$7)*1000 -> 129893.2 | L9: =SUMIFS('NEM demand data'!$I$2:$I$4357,'NEM demand data'!$D$2:$D$4357,Summary!$A9,'NEM demand data'!$F$2:$F$4357,Summary!$A$4,'NEM demand data'!$H$2:$H$4357,Summary!L$7)*1000 -> 130446.1 | M9: =SUMIFS('NEM demand data'!$I$2:$I$4357,'NEM demand data'!$D$2:$D$4357,Summary!$A9,'NEM demand data'!$F$2:$F$4357,Summary!$A$4,'NEM demand data'!$H$2:$H$4357,Summary!M$7)*1000 -> 131462.4 | N9: =SUMIFS('NEM demand data'!$I$2:$I$4357,'NEM demand data'!$D$2:$D$4357,Summary!$A9,'NEM demand data'!$F$2:$F$4357,Summary!$A$4,'NEM demand data'!$H$2:$H$4357,Summary!N$7)*1000 -> 131998.5 | O9: =SUMIFS('NEM demand data'!$I$2:$I$4357,'NEM demand data'!$D$2:$D$4357,Summary!$A9,'NEM demand data'!$F$2:$F$4357,Summary!$A$4,'NEM demand data'!$H$2:$H$4357,Summary!O$7)*1000 -> 131495.7 | P9: =SUMIFS('NEM demand data'!$I$2:$I$4357,'NEM demand data'!$D$2:$D$4357,Summary!$A9,'NEM demand data'!$F$2:$F$4357,Summary!$A$4,'NEM demand data'!$H$2:$H$4357,Summary!P$7)*1000 -> 131164 | Q9: =SUMIFS('NEM demand data'!$I$2:$I$4357,'NEM demand data'!$D$2:$D$4357,Summary!$A9,'NEM demand data'!$F$2:$F$4357,Summary!$A$4,'NEM demand data'!$H$2:$H$4357,Summary!Q$7)*1000 -> 131183.5 | R9: =SUMIFS('NEM demand data'!$I$2:$I$4357,'NEM demand data'!$D$2:$D$4357,Summary!$A9,'NEM demand data'!$F$2:$F$4357,Summary!$A$4,'NEM demand data'!$H$2:$H$4357,Summary!R$7)*1000 -> 131720.7 | ... AN9: =SUMIFS('NEM demand data'!$I$2:$I$4357,'NEM demand data'!$D$2:$D$4357,Summary!$A9,'NEM demand data'!$F$2:$F$4357,Summary!$A$4,'NEM demand data'!$H$2:$H$4357,Summary!AN$7)*1000 -> 112777.1 | AO9: =AN9/AM9*AN9 -> 112196.41
A10: Electrification | B10: GWh | K10: =SUMIFS('NEM demand data'!$I$2:$I$4357,'NEM demand data'!$D$2:$D$4357,Summary!$A10,'NEM demand data'!$F$2:$F$4357,Summary!$A$4,'NEM demand data'!$H$2:$H$4357,Summary!K$7)*1000 -> 1456.6 | L10: =SUMIFS('NEM demand data'!$I$2:$I$4357,'NEM demand data'!$D$2:$D$4357,Summary!$A10,'NEM demand data'!$F$2:$F$4357,Summary!$A$4,'NEM demand data'!$H$2:$H$4357,Summary!L$7)*1000 -> 3974.6 | M10: =SUMIFS('NEM demand data'!$I$2:$I$4357,'NEM demand data'!$D$2:$D$4357,Summary!$A10,'NEM demand data'!$F$2:$F$4357,Summary!$A$4,'NEM demand data'!$H$2:$H$4357,Summary!M$7)*1000 -> 6844.5 | N10: =SUMIFS('NEM demand data'!$I$2:$I$4357,'NEM demand data'!$D$2:$D$4357,Summary!$A10,'NEM demand data'!$F$2:$F$4357,Summary!$A$4,'NEM demand data'!$H$2:$H$4357,Summary!N$7)*1000 -> 9337 | O10: =SUMIFS('NEM demand data'!$I$2:$I$4357,'NEM demand data'!$D$2:$D$4357,Summary!$A10,'NEM demand data'!$F$2:$F$4357,Summary!$A$4,'NEM demand data'!$H$2:$H$4357,Summary!O$7)*1000 -> 12028.5 | P10: =SUMIFS('NEM demand data'!$I$2:$I$4357,'NEM demand data'!$D$2:$D$4357,Summary!$A10,'NEM demand data'!$F$2:$F$4357,Summary!$A$4,'NEM demand data'!$H$2:$H$4357,Summary!P$7)*1000 -> 14029.1 | Q10: =SUMIFS('NEM demand data'!$I$2:$I$4357,'NEM demand data'!$D$2:$D$4357,Summary!$A10,'NEM demand data'!$F$2:$F$4357,Summary!$A$4,'NEM demand data'!$H$2:$H$4357,Summary!Q$7)*1000 -> 15768.2 | R10: =SUMIFS('NEM demand data'!$I$2:$I$4357,'NEM demand data'!$D$2:$D$4357,Summary!$A10,'NEM demand data'!$F$2:$F$4357,Summary!$A$4,'NEM demand data'!$H$2:$H$4357,Summary!R$7)*1000 -> 17348.8 | ... AN10: =SUMIFS('NEM demand data'!$I$2:$I$4357,'NEM demand data'!$D$2:$D$4357,Summary!$A10,'NEM demand data'!$F$2:$F$4357,Summary!$A$4,'NEM demand data'!$H$2:$H$4357,Summary!AN$7)*1000 -> 40014.2 | AO10: =AN10/AM10*AN10 -> 40431.916
A11: Electric Vehicles | B11: GWh | K11: =SUMIFS('NEM demand data'!$I$2:$I$4357,'NEM demand data'!$D$2:$D$4357,Summary!$A11,'NEM demand data'!$F$2:$F$4357,Summary!$A$4,'NEM demand data'!$H$2:$H$4357,Summary!K$7)*1000 -> 719.1 | L11: =SUMIFS('NEM demand data'!$I$2:$I$4357,'NEM demand data'!$D$2:$D$4357,Summary!$A11,'NEM demand data'!$F$2:$F$4357,Summary!$A$4,'NEM demand data'!$H$2:$H$4357,Summary!L$7)*1000 -> 1248.5 | M11: =SUMIFS('NEM demand data'!$I$2:$I$4357,'NEM demand data'!$D$2:$D$4357,Summary!$A11,'NEM demand data'!$F$2:$F$4357,Summary!$A$4,'NEM demand data'!$H$2:$H$4357,Summary!M$7)*1000 -> 1961.5 | N11: =SUMIFS('NEM demand data'!$I$2:$I$4357,'NEM demand data'!$D$2:$D$4357,Summary!$A11,'NEM demand data'!$F$2:$F$4357,Summary!$A$4,'NEM demand data'!$H$2:$H$4357,Summary!N$7)*1000 -> 2877.8 | O11: =SUMIFS('NEM demand data'!$I$2:$I$4357,'NEM demand data'!$D$2:$D$4357,Summary!$A11,'NEM demand data'!$F$2:$F$4357,Summary!$A$4,'NEM demand data'!$H$2:$H$4357,Summary!O$7)*1000 -> 3927.9 | P11: =SUMIFS('NEM demand data'!$I$2:$I$4357,'NEM demand data'!$D$2:$D$4357,Summary!$A11,'NEM demand data'!$F$2:$F$4357,Summary!$A$4,'NEM demand data'!$H$2:$H$4357,Summary!P$7)*1000 -> 5122.8 | Q11: =SUMIFS('NEM demand data'!$I$2:$I$4357,'NEM demand data'!$D$2:$D$4357,Summary!$A11,'NEM demand data'!$F$2:$F$4357,Summary!$A$4,'NEM demand data'!$H$2:$H$4357,Summary!Q$7)*1000 -> 6457.4 | R11: =SUMIFS('NEM demand data'!$I$2:$I$4357,'NEM demand data'!$D$2:$D$4357,Summary!$A11,'NEM demand data'!$F$2:$F$4357,Summary!$A$4,'NEM demand data'!$H$2:$H$4357,Summary!R$7)*1000 -> 7918.6 | ... AN11: =SUMIFS('NEM demand data'!$I$2:$I$4357,'NEM demand data'!$D$2:$D$4357,Summary!$A11,'NEM demand data'!$F$2:$F$4357,Summary!$A$4,'NEM demand data'!$H$2:$H$4357,Summary!AN$7)*1000 -> 76309.7 | AO11: =AN11/AM11*AN11 -> 79837.044
A12: Hydrogen Production | B12: GWh | K12: =SUMIFS('NEM demand data'!$I$2:$I$4357,'NEM demand data'!$D$2:$D$4357,Summary!$A12,'NEM demand data'!$F$2:$F$4357,Summary!$A$4,'NEM demand data'!$H$2:$H$4357,Summary!K$7)*1000 -> 110.8 | L12: =SUMIFS('NEM demand data'!$I$2:$I$4357,'NEM demand data'!$D$2:$D$4357,Summary!$A12,'NEM demand data'!$F$2:$F$4357,Summary!$A$4,'NEM demand data'!$H$2:$H$4357,Summary!L$7)*1000 -> 556 | M12: =SUMIFS('NEM demand data'!$I$2:$I$4357,'NEM demand data'!$D$2:$D$4357,Summary!$A12,'NEM demand data'!$F$2:$F$4357,Summary!$A$4,'NEM demand data'!$H$2:$H$4357,Summary!M$7)*1000 -> 1111.8 | N12: =SUMIFS('NEM demand data'!$I$2:$I$4357,'NEM demand data'!$D$2:$D$4357,Summary!$A12,'NEM demand data'!$F$2:$F$4357,Summary!$A$4,'NEM demand data'!$H$2:$H$4357,Summary!N$7)*1000 -> 1395.2 | O12: =SUMIFS('NEM demand data'!$I$2:$I$4357,'NEM demand data'!$D$2:$D$4357,Summary!$A12,'NEM demand data'!$F$2:$F$4357,Summary!$A$4,'NEM demand data'!$H$2:$H$4357,Summary!O$7)*1000 -> 2003.7 | P12: =SUMIFS('NEM demand data'!$I$2:$I$4357,'NEM demand data'!$D$2:$D$4357,Summary!$A12,'NEM demand data'!$F$2:$F$4357,Summary!$A$4,'NEM demand data'!$H$2:$H$4357,Summary!P$7)*1000 -> 4634.9 | Q12: =SUMIFS('NEM demand data'!$I$2:$I$4357,'NEM demand data'!$D$2:$D$4357,Summary!$A12,'NEM demand data'!$F$2:$F$4357,Summary!$A$4,'NEM demand data'!$H$2:$H$4357,Summary!Q$7)*1000 -> 8203.1 | R12: =SUMIFS('NEM demand data'!$I$2:$I$4357,'NEM demand data'!$D$2:$D$4357,Summary!$A12,'NEM demand data'!$F$2:$F$4357,Summary!$A$4,'NEM demand data'!$H$2:$H$4357,Summary!R$7)*1000 -> 12027.9 | ... AN12: =SUMIFS('NEM demand data'!$I$2:$I$4357,'NEM demand data'!$D$2:$D$4357,Summary!$A12,'NEM demand data'!$F$2:$F$4357,Summary!$A$4,'NEM demand data'!$H$2:$H$4357,Summary!AN$7)*1000 -> 67677.1 | AO12: =AN12/AM12*AN12 -> 67677.1
A13: Losses | B13: GWh | J13: =SUMIFS('NEM demand data'!$I$2:$I$4357,'NEM demand data'!$D$2:$D$4357,Summary!$A13,'NEM demand data'!$F$2:$F$4357,Summary!$A$4,'NEM demand data'!$H$2:$H$4357,Summary!J$7)*1000 -> 10332.6 | K13: =SUMIFS('NEM demand data'!$I$2:$I$4357,'NEM demand data'!$D$2:$D$4357,Summary!$A13,'NEM demand data'!$F$2:$F$4357,Summary!$A$4,'NEM demand data'!$H$2:$H$4357,Summary!K$7)*1000 -> 9532.8 | L13: =SUMIFS('NEM demand data'!$I$2:$I$4357,'NEM demand data'!$D$2:$D$4357,Summary!$A13,'NEM demand data'!$F$2:$F$4357,Summary!$A$4,'NEM demand data'!$H$2:$H$4357,Summary!L$7)*1000 -> 9596.8 | M13: =SUMIFS('NEM demand data'!$I$2:$I$4357,'NEM demand data'!$D$2:$D$4357,Summary!$A13,'NEM demand data'!$F$2:$F$4357,Summary!$A$4,'NEM demand data'!$H$2:$H$4357,Summary!M$7)*1000 -> 9728.1 | N13: =SUMIFS('NEM demand data'!$I$2:$I$4357,'NEM demand data'!$D$2:$D$4357,Summary!$A13,'NEM demand data'!$F$2:$F$4357,Summary!$A$4,'NEM demand data'!$H$2:$H$4357,Summary!N$7)*1000 -> 9845.4 | O13: =SUMIFS('NEM demand data'!$I$2:$I$4357,'NEM demand data'!$D$2:$D$4357,Summary!$A13,'NEM demand data'!$F$2:$F$4357,Summary!$A$4,'NEM demand data'!$H$2:$H$4357,Summary!O$7)*1000 -> 9939.5 | P13: =SUMIFS('NEM demand data'!$I$2:$I$4357,'NEM demand data'!$D$2:$D$4357,Summary!$A13,'NEM demand data'!$F$2:$F$4357,Summary!$A$4,'NEM demand data'!$H$2:$H$4357,Summary!P$7)*1000 -> 10042 | Q13: =SUMIFS('NEM demand data'!$I$2:$I$4357,'NEM demand data'!$D$2:$D$4357,Summary!$A13,'NEM demand data'!$F$2:$F$4357,Summary!$A$4,'NEM demand data'!$H$2:$H$4357,Summary!Q$7)*1000 -> 10164.7 | ... AN13: =SUMIFS('NEM demand data'!$I$2:$I$4357,'NEM demand data'!$D$2:$D$4357,Summary!$A13,'NEM demand data'!$F$2:$F$4357,Summary!$A$4,'NEM demand data'!$H$2:$H$4357,Summary!AN$7)*1000 -> 13542 | AO13: =AN13/AM13*AN13 -> 13751.595
A14: Small Non Scheduled Generation | B14: GWh | J14: =SUMIFS('NEM demand data'!$I$2:$I$4357,'NEM demand data'!$D$2:$D$4357,Summary!$A14,'NEM demand data'!$F$2:$F$4357,Summary!$A$4,'NEM demand data'!$H$2:$H$4357,Summary!J$7)*1000 -> 6836.2 | K14: =SUMIFS('NEM demand data'!$I$2:$I$4357,'NEM demand data'!$D$2:$D$4357,Summary!$A14,'NEM demand data'!$F$2:$F$4357,Summary!$A$4,'NEM demand data'!$H$2:$H$4357,Summary!K$7)*1000 -> 7052.3 | L14: =SUMIFS('NEM demand data'!$I$2:$I$4357,'NEM demand data'!$D$2:$D$4357,Summary!$A14,'NEM demand data'!$F$2:$F$4357,Summary!$A$4,'NEM demand data'!$H$2:$H$4357,Summary!L$7)*1000 -> 7563.4 | M14: =SUMIFS('NEM demand data'!$I$2:$I$4357,'NEM demand data'!$D$2:$D$4357,Summary!$A14,'NEM demand data'!$F$2:$F$4357,Summary!$A$4,'NEM demand data'!$H$2:$H$4357,Summary!M$7)*1000 -> 8074.3 | N14: =SUMIFS('NEM demand data'!$I$2:$I$4357,'NEM demand data'!$D$2:$D$4357,Summary!$A14,'NEM demand data'!$F$2:$F$4357,Summary!$A$4,'NEM demand data'!$H$2:$H$4357,Summary!N$7)*1000 -> 8610.3 | O14: =SUMIFS('NEM demand data'!$I$2:$I$4357,'NEM demand data'!$D$2:$D$4357,Summary!$A14,'NEM demand data'!$F$2:$F$4357,Summary!$A$4,'NEM demand data'!$H$2:$H$4357,Summary!O$7)*1000 -> 9065.2 | P14: =SUMIFS('NEM demand data'!$I$2:$I$4357,'NEM demand data'!$D$2:$D$4357,Summary!$A14,'NEM demand data'!$F$2:$F$4357,Summary!$A$4,'NEM demand data'!$H$2:$H$4357,Summary!P$7)*1000 -> 9571.9 | Q14: =SUMIFS('NEM demand data'!$I$2:$I$4357,'NEM demand data'!$D$2:$D$4357,Summary!$A14,'NEM demand data'!$F$2:$F$4357,Summary!$A$4,'NEM demand data'!$H$2:$H$4357,Summary!Q$7)*1000 -> 10217.9 | ... AN14: =SUMIFS('NEM demand data'!$I$2:$I$4357,'NEM demand data'!$D$2:$D$4357,Summary!$A14,'NEM demand data'!$F$2:$F$4357,Summary!$A$4,'NEM demand data'!$H$2:$H$4357,Summary!AN$7)*1000 -> 35352.6 | AO14: =AN14/AM14*AN14 -> 36714.952
A15: Auxiliary | B15: GWh | J15: =SUMIFS('NEM demand data'!$I$2:$I$4357,'NEM demand data'!$D$2:$D$4357,Summary!$A15,'NEM demand data'!$F$2:$F$4357,Summary!$A$4,'NEM demand data'!$H$2:$H$4357,Summary!J$7)*1000 -> 7782.3 | K15: =SUMIFS('NEM demand data'!$I$2:$I$4357,'NEM demand data'!$D$2:$D$4357,Summary!$A15,'NEM demand data'!$F$2:$F$4357,Summary!$A$4,'NEM demand data'!$H$2:$H$4357,Summary!K$7)*1000 -> 7928 | L15: =SUMIFS('NEM demand data'!$I$2:$I$4357,'NEM demand data'!$D$2:$D$4357,Summary!$A15,'NEM demand data'!$F$2:$F$4357,Summary!$A$4,'NEM demand data'!$H$2:$H$4357,Summary!L$7)*1000 -> 8069.9 | M15: =SUMIFS('NEM demand data'!$I$2:$I$4357,'NEM demand data'!$D$2:$D$4357,Summary!$A15,'NEM demand data'!$F$2:$F$4357,Summary!$A$4,'NEM demand data'!$H$2:$H$4357,Summary!M$7)*1000 -> 7794 | N15: =SUMIFS('NEM demand data'!$I$2:$I$4357,'NEM demand data'!$D$2:$D$4357,Summary!$A15,'NEM demand data'!$F$2:$F$4357,Summary!$A$4,'NEM demand data'!$H$2:$H$4357,Summary!N$7)*1000 -> 6300.3 | O15: =SUMIFS('NEM demand data'!$I$2:$I$4357,'NEM demand data'!$D$2:$D$4357,Summary!$A15,'NEM demand data'!$F$2:$F$4357,Summary!$A$4,'NEM demand data'!$H$2:$H$4357,Summary!O$7)*1000 -> 5243.7 | P15: =SUMIFS('NEM demand data'!$I$2:$I$4357,'NEM demand data'!$D$2:$D$4357,Summary!$A15,'NEM demand data'!$F$2:$F$4357,Summary!$A$4,'NEM demand data'!$H$2:$H$4357,Summary!P$7)*1000 -> 4684.8 | Q15: =SUMIFS('NEM demand data'!$I$2:$I$4357,'NEM demand data'!$D$2:$D$4357,Summary!$A15,'NEM demand data'!$F$2:$F$4357,Summary!$A$4,'NEM demand data'!$H$2:$H$4357,Summary!Q$7)*1000 -> 3933.8 | ... AN15: =SUMIFS('NEM demand data'!$I$2:$I$4357,'NEM demand data'!$D$2:$D$4357,Summary!$A15,'NEM demand data'!$F$2:$F$4357,Summary!$A$4,'NEM demand data'!$H$2:$H$4357,Summary!AN$7)*1000 -> 755.7 | AO15: =AN15/AM15*AN15 -> 764.399
A16: Rooftop PV | B16: GWh | J16: =K16/L16*K16 -> 24233.455 | K16: =SUMIFS('NEM demand data'!$I$2:$I$4357,'NEM demand data'!$D$2:$D$4357,Summary!$A16,'NEM demand data'!$F$2:$F$4357,Summary!$A$4,'NEM demand data'!$H$2:$H$4357,Summary!K$7)*1000 -> 26959.5 | L16: =SUMIFS('NEM demand data'!$I$2:$I$4357,'NEM demand data'!$D$2:$D$4357,Summary!$A16,'NEM demand data'!$F$2:$F$4357,Summary!$A$4,'NEM demand data'!$H$2:$H$4357,Summary!L$7)*1000 -> 29992.2 | M16: =SUMIFS('NEM demand data'!$I$2:$I$4357,'NEM demand data'!$D$2:$D$4357,Summary!$A16,'NEM demand data'!$F$2:$F$4357,Summary!$A$4,'NEM demand data'!$H$2:$H$4357,Summary!M$7)*1000 -> 33056.4 | N16: =SUMIFS('NEM demand data'!$I$2:$I$4357,'NEM demand data'!$D$2:$D$4357,Summary!$A16,'NEM demand data'!$F$2:$F$4357,Summary!$A$4,'NEM demand data'!$H$2:$H$4357,Summary!N$7)*1000 -> 36191.4 | O16: =SUMIFS('NEM demand data'!$I$2:$I$4357,'NEM demand data'!$D$2:$D$4357,Summary!$A16,'NEM demand data'!$F$2:$F$4357,Summary!$A$4,'NEM demand data'!$H$2:$H$4357,Summary!O$7)*1000 -> 38881 | P16: =SUMIFS('NEM demand data'!$I$2:$I$4357,'NEM demand data'!$D$2:$D$4357,Summary!$A16,'NEM demand data'!$F$2:$F$4357,Summary!$A$4,'NEM demand data'!$H$2:$H$4357,Summary!P$7)*1000 -> 41225.7 | Q16: =SUMIFS('NEM demand data'!$I$2:$I$4357,'NEM demand data'!$D$2:$D$4357,Summary!$A16,'NEM demand data'!$F$2:$F$4357,Summary!$A$4,'NEM demand data'!$H$2:$H$4357,Summary!Q$7)*1000 -> 43744.3 | R16: =SUMIFS('NEM demand data'!$I$2:$I$4357,'NEM demand data'!$D$2:$D$4357,Summary!$A16,'NEM demand data'!$F$2:$F$4357,Summary!$A$4,'NEM demand data'!$H$2:$H$4357,Summary!R$7)*1000 -> 46507.2 | ... AN16: =SUMIFS('NEM demand data'!$I$2:$I$4357,'NEM demand data'!$D$2:$D$4357,Summary!$A16,'NEM demand data'!$F$2:$F$4357,Summary!$A$4,'NEM demand data'!$H$2:$H$4357,Summary!AN$7)*1000 -> 113487.9 | AO16: =AN16/AM16*AN16 -> 116511.67
A17: Operational (Sent Out) | B17: GWh | J17: =SUMIFS('NEM demand data'!$I$2:$I$4357,'NEM demand data'!$D$2:$D$4357,Summary!$A17,'NEM demand data'!$F$2:$F$4357,Summary!$A$4,'NEM demand data'!$H$2:$H$4357,Summary!J$7)*1000 -> 177057.2 | K17: =SUM(K8:K13) -> 175566.1 | L17: =SUM(L8:L13) -> 177124.1 | M17: =SUM(M8:M13) -> 179848.1 | N17: =SUM(N8:N13) -> 181709.5 | O17: =SUM(O8:O13) -> 183548.9 | P17: =SUM(P8:P13) -> 187543.4 | Q17: =SUM(Q8:Q13) -> 192484.5 | R17: =SUM(R8:R13) -> 198050.7 | ... AN17: =SUM(AN8:AN13) -> 289603.3 | AO17: =AN17/AM17*AN17 -> 292460.21
A18: Operational (As Generated, incl Auxiliary) + Small Non Scheduled Generation | B18: GWh | J18: =J17+J15+J14 -> 191675.7 | K18: =K17+K15+K14 -> 190546.4 | L18: =L17+L15+L14 -> 192757.4 | M18: =M17+M15+M14 -> 195716.4 | N18: =N17+N15+N14 -> 196620.1 | O18: =O17+O15+O14 -> 197857.8 | P18: =P17+P15+P14 -> 201800.1 | Q18: =Q17+Q15+Q14 -> 206636.2 | ... AO18: =AO17+AO15+AO14 -> 329939.56
A19: Underlying Demand - Operational Sent out + Rooftop PV + Non-scheduled | B19: GWh | J19: =SUM(J17+J16+J14) -> 208126.86 | K19: =SUM(K17+K16+K14) -> 209577.9 | L19: =SUM(L17+L16+L14) -> 214679.7 | M19: =SUM(M17+M16+M14) -> 220978.8 | N19: =SUM(N17+N16+N14) -> 226511.2 | O19: =SUM(O17+O16+O14) -> 231495.1 | P19: =SUM(P17+P16+P14) -> 238341 | Q19: =SUM(Q17+Q16+Q14) -> 246446.7 | ... AO19: =SUM(AO17+AO16+AO14) -> 445686.83
A22: WEM
A23: Source | B23: WEM ESOO 2024
A24: WEM Demand breakdown | C24: SWIS
A25: Financial Year | C25: 2017 | D25: 2018 | E25: 2019 | F25: 2020 | G25: 2021 | H25: 2022 | I25: 2023 | J25: 2024 | K25: 2025 | L25: 2026 | M25: 2027 | N25: 2028 | O25: 2029 | P25: 2030 | Q25: 2031 | R25: 2032 | S25: 2033 | T25: 2034 | U25: 2035 | V25: 2036 | W25: 2037 | X25: 2038 | Y25: 2039 | Z25: 2040 | AA25: 2041 | AB25: 2042 | AC25: 2043 | AD25: 2044 | AE25: 2045 | AF25: 2046 | AG25: 2047 | AH25: 2048 | AI25: 2049 | AJ25: 2050 | AK25: 2051 | AL25: 2052 | AM25: 2053 | AN25: 2054 | AO25: 2055
A26: Residential | B26: GWh | J26: =SUMIFS('WEM demand data'!$I$2:$I$4357,'WEM demand data'!$D$2:$D$4357,Summary!$A26,'WEM demand data'!$F$2:$F$4357,Summary!$C$24,'WEM demand data'!$H$2:$H$4357,Summary!J$25)*1000 -> 3249.5 | K26: =SUMIFS('WEM demand data'!$I$2:$I$4357,'WEM demand data'!$D$2:$D$4357,Summary!$A26,'WEM demand data'!$F$2:$F$4357,Summary!$C$24,'WEM demand data'!$H$2:$H$4357,Summary!K$25)*1000 -> 2996.4 | L26: =SUMIFS('WEM demand data'!$I$2:$I$4357,'WEM demand data'!$D$2:$D$4357,Summary!$A26,'WEM demand data'!$F$2:$F$4357,Summary!$C$24,'WEM demand data'!$H$2:$H$4357,Summary!L$25)*1000 -> 2705 | M26: =SUMIFS('WEM demand data'!$I$2:$I$4357,'WEM demand data'!$D$2:$D$4357,Summary!$A26,'WEM demand data'!$F$2:$F$4357,Summary!$C$24,'WEM demand data'!$H$2:$H$4357,Summary!M$25)*1000 -> 2382.7 | N26: =SUMIFS('WEM demand data'!$I$2:$I$4357,'WEM demand data'!$D$2:$D$4357,Summary!$A26,'WEM demand data'!$F$2:$F$4357,Summary!$C$24,'WEM demand data'!$H$2:$H$4357,Summary!N$25)*1000 -> 2018.2 | O26: =SUMIFS('WEM demand data'!$I$2:$I$4357,'WEM demand data'!$D$2:$D$4357,Summary!$A26,'WEM demand data'!$F$2:$F$4357,Summary!$C$24,'WEM demand data'!$H$2:$H$4357,Summary!O$25)*1000 -> 1631.8 | P26: =SUMIFS('WEM demand data'!$I$2:$I$4357,'WEM demand data'!$D$2:$D$4357,Summary!$A26,'WEM demand data'!$F$2:$F$4357,Summary!$C$24,'WEM demand data'!$H$2:$H$4357,Summary!P$25)*1000 -> 1279.5 | Q26: =SUMIFS('WEM demand data'!$I$2:$I$4357,'WEM demand data'!$D$2:$D$4357,Summary!$A26,'WEM demand data'!$F$2:$F$4357,Summary!$C$24,'WEM demand data'!$H$2:$H$4357,Summary!Q$25)*1000 -> 916.6 | ... T26: =SUMIFS('WEM demand data'!$I$2:$I$4357,'WEM demand data'!$D$2:$D$4357,Summary!$A26,'WEM demand data'!$F$2:$F$4357,Summary!$C$24,'WEM demand data'!$H$2:$H$4357,Summary!T$25)*1000 -> -180.9 | U26: =SUMIFS('WEM demand data'!$I$2:$I$4357,'WEM demand data'!$D$2:$D$4357,Summary!$A26,'WEM demand data'!$F$2:$F$4357,Summary!$A$4,'WEM demand data'!$H$2:$H$4357,Summary!U$7)*1000 -> 0 | V26: =SUMIFS('WEM demand data'!$I$2:$I$4357,'WEM demand data'!$D$2:$D$4357,Summary!$A26,'WEM demand data'!$F$2:$F$4357,Summary!$A$4,'WEM demand data'!$H$2:$H$4357,Summary!V$7)*1000 -> 0 | W26: =SUMIFS('WEM demand data'!$I$2:$I$4357,'WEM demand data'!$D$2:$D$4357,Summary!$A26,'WEM demand data'!$F$2:$F$4357,Summary!$A$4,'WEM demand data'!$H$2:$H$4357,Summary!W$7)*1000 -> 0 | X26: =SUMIFS('WEM demand data'!$I$2:$I$4357,'WEM demand data'!$D$2:$D$4357,Summary!$A26,'WEM demand data'!$F$2:$F$4357,Summary!$A$4,'WEM demand data'!$H$2:$H$4357,Summary!X$7)*1000 -> 0 | Y26: =SUMIFS('WEM demand data'!$I$2:$I$4357,'WEM demand data'!$D$2:$D$4357,Summary!$A26,'WEM demand data'!$F$2:$F$4357,Summary!$A$4,'WEM demand data'!$H$2:$H$4357,Summary!Y$7)*1000 -> 0 | Z26: =SUMIFS('WEM demand data'!$I$2:$I$4357,'WEM demand data'!$D$2:$D$4357,Summary!$A26,'WEM demand data'!$F$2:$F$4357,Summary!$A$4,'WEM demand data'!$H$2:$H$4357,Summary!Z$7)*1000 -> 0 | AA26: =SUMIFS('WEM demand data'!$I$2:$I$4357,'WEM demand data'!$D$2:$D$4357,Summary!$A26,'WEM demand data'!$F$2:$F$4357,Summary!$A$4,'WEM demand data'!$H$2:$H$4357,Summary!AA$7)*1000 -> 0 | AB26: =SUMIFS('WEM demand data'!$I$2:$I$4357,'WEM demand data'!$D$2:$D$4357,Summary!$A26,'WEM demand data'!$F$2:$F$4357,Summary!$A$4,'WEM demand data'!$H$2:$H$4357,Summary!AB$7)*1000 -> 0 | ... AJ26: =SUMIFS('WEM demand data'!$I$2:$I$4357,'WEM demand data'!$D$2:$D$4357,Summary!$A26,'WEM demand data'!$F$2:$F$4357,Summary!$A$4,'WEM demand data'!$H$2:$H$4357,Summary!AJ$7)*1000 -> 0
A27: Business | B27: GWh | J27: =SUMIFS('WEM demand data'!$I$2:$I$4357,'WEM demand data'!$D$2:$D$4357,Summary!$A27,'WEM demand data'!$F$2:$F$4357,Summary!$C$24,'WEM demand data'!$H$2:$H$4357,Summary!J$25)*1000 -> 13031 | K27: =SUMIFS('WEM demand data'!$I$2:$I$4357,'WEM demand data'!$D$2:$D$4357,Summary!$A27,'WEM demand data'!$F$2:$F$4357,Summary!$C$24,'WEM demand data'!$H$2:$H$4357,Summary!K$25)*1000 -> 13394.3 | L27: =SUMIFS('WEM demand data'!$I$2:$I$4357,'WEM demand data'!$D$2:$D$4357,Summary!$A27,'WEM demand data'!$F$2:$F$4357,Summary!$C$24,'WEM demand data'!$H$2:$H$4357,Summary!L$25)*1000 -> 13511.4 | M27: =SUMIFS('WEM demand data'!$I$2:$I$4357,'WEM demand data'!$D$2:$D$4357,Summary!$A27,'WEM demand data'!$F$2:$F$4357,Summary!$C$24,'WEM demand data'!$H$2:$H$4357,Summary!M$25)*1000 -> 13627.1 | N27: =SUMIFS('WEM demand data'!$I$2:$I$4357,'WEM demand data'!$D$2:$D$4357,Summary!$A27,'WEM demand data'!$F$2:$F$4357,Summary!$C$24,'WEM demand data'!$H$2:$H$4357,Summary!N$25)*1000 -> 13643.5 | O27: =SUMIFS('WEM demand data'!$I$2:$I$4357,'WEM demand data'!$D$2:$D$4357,Summary!$A27,'WEM demand data'!$F$2:$F$4357,Summary!$C$24,'WEM demand data'!$H$2:$H$4357,Summary!O$25)*1000 -> 13802.7 | P27: =SUMIFS('WEM demand data'!$I$2:$I$4357,'WEM demand data'!$D$2:$D$4357,Summary!$A27,'WEM demand data'!$F$2:$F$4357,Summary!$C$24,'WEM demand data'!$H$2:$H$4357,Summary!P$25)*1000 -> 13869.4 | Q27: =SUMIFS('WEM demand data'!$I$2:$I$4357,'WEM demand data'!$D$2:$D$4357,Summary!$A27,'WEM demand data'!$F$2:$F$4357,Summary!$C$24,'WEM demand data'!$H$2:$H$4357,Summary!Q$25)*1000 -> 13926.3 | ... T27: =SUMIFS('WEM demand data'!$I$2:$I$4357,'WEM demand data'!$D$2:$D$4357,Summary!$A27,'WEM demand data'!$F$2:$F$4357,Summary!$C$24,'WEM demand data'!$H$2:$H$4357,Summary!T$25)*1000 -> 14130.8 | U27: =SUMIFS('WEM demand data'!$I$2:$I$4357,'WEM demand data'!$D$2:$D$4357,Summary!$A27,'WEM demand data'!$F$2:$F$4357,Summary!$A$4,'WEM demand data'!$H$2:$H$4357,Summary!U$7)*1000 -> 0 | V27: =SUMIFS('WEM demand data'!$I$2:$I$4357,'WEM demand data'!$D$2:$D$4357,Summary!$A27,'WEM demand data'!$F$2:$F$4357,Summary!$A$4,'WEM demand data'!$H$2:$H$4357,Summary!V$7)*1000 -> 0 | W27: =SUMIFS('WEM demand data'!$I$2:$I$4357,'WEM demand data'!$D$2:$D$4357,Summary!$A27,'WEM demand data'!$F$2:$F$4357,Summary!$A$4,'WEM demand data'!$H$2:$H$4357,Summary!W$7)*1000 -> 0 | X27: =SUMIFS('WEM demand data'!$I$2:$I$4357,'WEM demand data'!$D$2:$D$4357,Summary!$A27,'WEM demand data'!$F$2:$F$4357,Summary!$A$4,'WEM demand data'!$H$2:$H$4357,Summary!X$7)*1000 -> 0 | Y27: =SUMIFS('WEM demand data'!$I$2:$I$4357,'WEM demand data'!$D$2:$D$4357,Summary!$A27,'WEM demand data'!$F$2:$F$4357,Summary!$A$4,'WEM demand data'!$H$2:$H$4357,Summary!Y$7)*1000 -> 0 | Z27: =SUMIFS('WEM demand data'!$I$2:$I$4357,'WEM demand data'!$D$2:$D$4357,Summary!$A27,'WEM demand data'!$F$2:$F$4357,Summary!$A$4,'WEM demand data'!$H$2:$H$4357,Summary!Z$7)*1000 -> 0 | AA27: =SUMIFS('WEM demand data'!$I$2:$I$4357,'WEM demand data'!$D$2:$D$4357,Summary!$A27,'WEM demand data'!$F$2:$F$4357,Summary!$A$4,'WEM demand data'!$H$2:$H$4357,Summary!AA$7)*1000 -> 0 | AB27: =SUMIFS('WEM demand data'!$I$2:$I$4357,'WEM demand data'!$D$2:$D$4357,Summary!$A27,'WEM demand data'!$F$2:$F$4357,Summary!$A$4,'WEM demand data'!$H$2:$H$4357,Summary!AB$7)*1000 -> 0 | ... AJ27: =SUMIFS('WEM demand data'!$I$2:$I$4357,'WEM demand data'!$D$2:$D$4357,Summary!$A27,'WEM demand data'!$F$2:$F$4357,Summary!$A$4,'WEM demand data'!$H$2:$H$4357,Summary!AJ$7)*1000 -> 0
A28: Electrification | B28: GWh | J28: =SUMIFS('WEM demand data'!$I$2:$I$4357,'WEM demand data'!$D$2:$D$4357,Summary!$A28,'WEM demand data'!$F$2:$F$4357,Summary!$C$24,'WEM demand data'!$H$2:$H$4357,Summary!J$25)*1000 -> 10.6 | K28: =SUMIFS('WEM demand data'!$I$2:$I$4357,'WEM demand data'!$D$2:$D$4357,Summary!$A28,'WEM demand data'!$F$2:$F$4357,Summary!$C$24,'WEM demand data'!$H$2:$H$4357,Summary!K$25)*1000 -> 75.6 | L28: =SUMIFS('WEM demand data'!$I$2:$I$4357,'WEM demand data'!$D$2:$D$4357,Summary!$A28,'WEM demand data'!$F$2:$F$4357,Summary!$C$24,'WEM demand data'!$H$2:$H$4357,Summary!L$25)*1000 -> 237.8 | M28: =SUMIFS('WEM demand data'!$I$2:$I$4357,'WEM demand data'!$D$2:$D$4357,Summary!$A28,'WEM demand data'!$F$2:$F$4357,Summary!$C$24,'WEM demand data'!$H$2:$H$4357,Summary!M$25)*1000 -> 539.7 | N28: =SUMIFS('WEM demand data'!$I$2:$I$4357,'WEM demand data'!$D$2:$D$4357,Summary!$A28,'WEM demand data'!$F$2:$F$4357,Summary!$C$24,'WEM demand data'!$H$2:$H$4357,Summary!N$25)*1000 -> 997.3 | O28: =SUMIFS('WEM demand data'!$I$2:$I$4357,'WEM demand data'!$D$2:$D$4357,Summary!$A28,'WEM demand data'!$F$2:$F$4357,Summary!$C$24,'WEM demand data'!$H$2:$H$4357,Summary!O$25)*1000 -> 1639 | P28: =SUMIFS('WEM demand data'!$I$2:$I$4357,'WEM demand data'!$D$2:$D$4357,Summary!$A28,'WEM demand data'!$F$2:$F$4357,Summary!$C$24,'WEM demand data'!$H$2:$H$4357,Summary!P$25)*1000 -> 3031.1 | Q28: =SUMIFS('WEM demand data'!$I$2:$I$4357,'WEM demand data'!$D$2:$D$4357,Summary!$A28,'WEM demand data'!$F$2:$F$4357,Summary!$C$24,'WEM demand data'!$H$2:$H$4357,Summary!Q$25)*1000 -> 4834.1 | ... T28: =SUMIFS('WEM demand data'!$I$2:$I$4357,'WEM demand data'!$D$2:$D$4357,Summary!$A28,'WEM demand data'!$F$2:$F$4357,Summary!$C$24,'WEM demand data'!$H$2:$H$4357,Summary!T$25)*1000 -> 8139.3 | U28: =SUMIFS('WEM demand data'!$I$2:$I$4357,'WEM demand data'!$D$2:$D$4357,Summary!$A28,'WEM demand data'!$F$2:$F$4357,Summary!$A$4,'WEM demand data'!$H$2:$H$4357,Summary!U$7)*1000 -> 0 | V28: =SUMIFS('WEM demand data'!$I$2:$I$4357,'WEM demand data'!$D$2:$D$4357,Summary!$A28,'WEM demand data'!$F$2:$F$4357,Summary!$A$4,'WEM demand data'!$H$2:$H$4357,Summary!V$7)*1000 -> 0 | W28: =SUMIFS('WEM demand data'!$I$2:$I$4357,'WEM demand data'!$D$2:$D$4357,Summary!$A28,'WEM demand data'!$F$2:$F$4357,Summary!$A$4,'WEM demand data'!$H$2:$H$4357,Summary!W$7)*1000 -> 0 | X28: =SUMIFS('WEM demand data'!$I$2:$I$4357,'WEM demand data'!$D$2:$D$4357,Summary!$A28,'WEM demand data'!$F$2:$F$4357,Summary!$A$4,'WEM demand data'!$H$2:$H$4357,Summary!X$7)*1000 -> 0 | Y28: =SUMIFS('WEM demand data'!$I$2:$I$4357,'WEM demand data'!$D$2:$D$4357,Summary!$A28,'WEM demand data'!$F$2:$F$4357,Summary!$A$4,'WEM demand data'!$H$2:$H$4357,Summary!Y$7)*1000 -> 0 | Z28: =SUMIFS('WEM demand data'!$I$2:$I$4357,'WEM demand data'!$D$2:$D$4357,Summary!$A28,'WEM demand data'!$F$2:$F$4357,Summary!$A$4,'WEM demand data'!$H$2:$H$4357,Summary!Z$7)*1000 -> 0 | AA28: =SUMIFS('WEM demand data'!$I$2:$I$4357,'WEM demand data'!$D$2:$D$4357,Summary!$A28,'WEM demand data'!$F$2:$F$4357,Summary!$A$4,'WEM demand data'!$H$2:$H$4357,Summary!AA$7)*1000 -> 0 | AB28: =SUMIFS('WEM demand data'!$I$2:$I$4357,'WEM demand data'!$D$2:$D$4357,Summary!$A28,'WEM demand data'!$F$2:$F$4357,Summary!$A$4,'WEM demand data'!$H$2:$H$4357,Summary!AB$7)*1000 -> 0 | ... AJ28: =SUMIFS('WEM demand data'!$I$2:$I$4357,'WEM demand data'!$D$2:$D$4357,Summary!$A28,'WEM demand data'!$F$2:$F$4357,Summary!$A$4,'WEM demand data'!$H$2:$H$4357,Summary!AJ$7)*1000 -> 0
A29: Electric Vehicles | B29: GWh | J29: =SUMIFS('WEM demand data'!$I$2:$I$4357,'WEM demand data'!$D$2:$D$4357,Summary!$A29,'WEM demand data'!$F$2:$F$4357,Summary!$C$24,'WEM demand data'!$H$2:$H$4357,Summary!J$25)*1000 -> 51 | K29: =SUMIFS('WEM demand data'!$I$2:$I$4357,'WEM demand data'!$D$2:$D$4357,Summary!$A29,'WEM demand data'!$F$2:$F$4357,Summary!$C$24,'WEM demand data'!$H$2:$H$4357,Summary!K$25)*1000 -> 96.1 | L29: =SUMIFS('WEM demand data'!$I$2:$I$4357,'WEM demand data'!$D$2:$D$4357,Summary!$A29,'WEM demand data'!$F$2:$F$4357,Summary!$C$24,'WEM demand data'!$H$2:$H$4357,Summary!L$25)*1000 -> 164.2 | M29: =SUMIFS('WEM demand data'!$I$2:$I$4357,'WEM demand data'!$D$2:$D$4357,Summary!$A29,'WEM demand data'!$F$2:$F$4357,Summary!$C$24,'WEM demand data'!$H$2:$H$4357,Summary!M$25)*1000 -> 254.4 | N29: =SUMIFS('WEM demand data'!$I$2:$I$4357,'WEM demand data'!$D$2:$D$4357,Summary!$A29,'WEM demand data'!$F$2:$F$4357,Summary!$C$24,'WEM demand data'!$H$2:$H$4357,Summary!N$25)*1000 -> 365.5 | O29: =SUMIFS('WEM demand data'!$I$2:$I$4357,'WEM demand data'!$D$2:$D$4357,Summary!$A29,'WEM demand data'!$F$2:$F$4357,Summary!$C$24,'WEM demand data'!$H$2:$H$4357,Summary!O$25)*1000 -> 493.3 | P29: =SUMIFS('WEM demand data'!$I$2:$I$4357,'WEM demand data'!$D$2:$D$4357,Summary!$A29,'WEM demand data'!$F$2:$F$4357,Summary!$C$24,'WEM demand data'!$H$2:$H$4357,Summary!P$25)*1000 -> 644.4 | Q29: =SUMIFS('WEM demand data'!$I$2:$I$4357,'WEM demand data'!$D$2:$D$4357,Summary!$A29,'WEM demand data'!$F$2:$F$4357,Summary!$C$24,'WEM demand data'!$H$2:$H$4357,Summary!Q$25)*1000 -> 820.9 | ... T29: =SUMIFS('WEM demand data'!$I$2:$I$4357,'WEM demand data'!$D$2:$D$4357,Summary!$A29,'WEM demand data'!$F$2:$F$4357,Summary!$C$24,'WEM demand data'!$H$2:$H$4357,Summary!T$25)*1000 -> 1474.8 | U29: =SUMIFS('WEM demand data'!$I$2:$I$4357,'WEM demand data'!$D$2:$D$4357,Summary!$A29,'WEM demand data'!$F$2:$F$4357,Summary!$A$4,'WEM demand data'!$H$2:$H$4357,Summary!U$7)*1000 -> 0 | V29: =SUMIFS('WEM demand data'!$I$2:$I$4357,'WEM demand data'!$D$2:$D$4357,Summary!$A29,'WEM demand data'!$F$2:$F$4357,Summary!$A$4,'WEM demand data'!$H$2:$H$4357,Summary!V$7)*1000 -> 0 | W29: =SUMIFS('WEM demand data'!$I$2:$I$4357,'WEM demand data'!$D$2:$D$4357,Summary!$A29,'WEM demand data'!$F$2:$F$4357,Summary!$A$4,'WEM demand data'!$H$2:$H$4357,Summary!W$7)*1000 -> 0 | X29: =SUMIFS('WEM demand data'!$I$2:$I$4357,'WEM demand data'!$D$2:$D$4357,Summary!$A29,'WEM demand data'!$F$2:$F$4357,Summary!$A$4,'WEM demand data'!$H$2:$H$4357,Summary!X$7)*1000 -> 0 | Y29: =SUMIFS('WEM demand data'!$I$2:$I$4357,'WEM demand data'!$D$2:$D$4357,Summary!$A29,'WEM demand data'!$F$2:$F$4357,Summary!$A$4,'WEM demand data'!$H$2:$H$4357,Summary!Y$7)*1000 -> 0 | Z29: =SUMIFS('WEM demand data'!$I$2:$I$4357,'WEM demand data'!$D$2:$D$4357,Summary!$A29,'WEM demand data'!$F$2:$F$4357,Summary!$A$4,'WEM demand data'!$H$2:$H$4357,Summary!Z$7)*1000 -> 0 | AA29: =SUMIFS('WEM demand data'!$I$2:$I$4357,'WEM demand data'!$D$2:$D$4357,Summary!$A29,'WEM demand data'!$F$2:$F$4357,Summary!$A$4,'WEM demand data'!$H$2:$H$4357,Summary!AA$7)*1000 -> 0 | AB29: =SUMIFS('WEM demand data'!$I$2:$I$4357,'WEM demand data'!$D$2:$D$4357,Summary!$A29,'WEM demand data'!$F$2:$F$4357,Summary!$A$4,'WEM demand data'!$H$2:$H$4357,Summary!AB$7)*1000 -> 0 | ... AJ29: =SUMIFS('WEM demand data'!$I$2:$I$4357,'WEM demand data'!$D$2:$D$4357,Summary!$A29,'WEM demand data'!$F$2:$F$4357,Summary!$A$4,'WEM demand data'!$H$2:$H$4357,Summary!AJ$7)*1000 -> 0
A30: Hydrogen Production | B30: GWh | J30: =SUMIFS('WEM demand data'!$I$2:$I$4357,'WEM demand data'!$D$2:$D$4357,Summary!$A30,'WEM demand data'!$F$2:$F$4357,Summary!$C$24,'WEM demand data'!$H$2:$H$4357,Summary!J$25)*1000 -> 0.3 | K30: =SUMIFS('WEM demand data'!$I$2:$I$4357,'WEM demand data'!$D$2:$D$4357,Summary!$A30,'WEM demand data'!$F$2:$F$4357,Summary!$C$24,'WEM demand data'!$H$2:$H$4357,Summary!K$25)*1000 -> 1.2 | L30: =SUMIFS('WEM demand data'!$I$2:$I$4357,'WEM demand data'!$D$2:$D$4357,Summary!$A30,'WEM demand data'!$F$2:$F$4357,Summary!$C$24,'WEM demand data'!$H$2:$H$4357,Summary!L$25)*1000 -> 1.5 | M30: =SUMIFS('WEM demand data'!$I$2:$I$4357,'WEM demand data'!$D$2:$D$4357,Summary!$A30,'WEM demand data'!$F$2:$F$4357,Summary!$C$24,'WEM demand data'!$H$2:$H$4357,Summary!M$25)*1000 -> 1.5 | N30: =SUMIFS('WEM demand data'!$I$2:$I$4357,'WEM demand data'!$D$2:$D$4357,Summary!$A30,'WEM demand data'!$F$2:$F$4357,Summary!$C$24,'WEM demand data'!$H$2:$H$4357,Summary!N$25)*1000 -> 1.5 | O30: =SUMIFS('WEM demand data'!$I$2:$I$4357,'WEM demand data'!$D$2:$D$4357,Summary!$A30,'WEM demand data'!$F$2:$F$4357,Summary!$C$24,'WEM demand data'!$H$2:$H$4357,Summary!O$25)*1000 -> 61.6 | P30: =SUMIFS('WEM demand data'!$I$2:$I$4357,'WEM demand data'!$D$2:$D$4357,Summary!$A30,'WEM demand data'!$F$2:$F$4357,Summary!$C$24,'WEM demand data'!$H$2:$H$4357,Summary!P$25)*1000 -> 283.7 | Q30: =SUMIFS('WEM demand data'!$I$2:$I$4357,'WEM demand data'!$D$2:$D$4357,Summary!$A30,'WEM demand data'!$F$2:$F$4357,Summary!$C$24,'WEM demand data'!$H$2:$H$4357,Summary!Q$25)*1000 -> 478.3 | ... T30: =SUMIFS('WEM demand data'!$I$2:$I$4357,'WEM demand data'!$D$2:$D$4357,Summary!$A30,'WEM demand data'!$F$2:$F$4357,Summary!$C$24,'WEM demand data'!$H$2:$H$4357,Summary!T$25)*1000 -> 2039.3 | U30: =SUMIFS('WEM demand data'!$I$2:$I$4357,'WEM demand data'!$D$2:$D$4357,Summary!$A30,'WEM demand data'!$F$2:$F$4357,Summary!$A$4,'WEM demand data'!$H$2:$H$4357,Summary!U$7)*1000 -> 0 | V30: =SUMIFS('WEM demand data'!$I$2:$I$4357,'WEM demand data'!$D$2:$D$4357,Summary!$A30,'WEM demand data'!$F$2:$F$4357,Summary!$A$4,'WEM demand data'!$H$2:$H$4357,Summary!V$7)*1000 -> 0 | W30: =SUMIFS('WEM demand data'!$I$2:$I$4357,'WEM demand data'!$D$2:$D$4357,Summary!$A30,'WEM demand data'!$F$2:$F$4357,Summary!$A$4,'WEM demand data'!$H$2:$H$4357,Summary!W$7)*1000 -> 0 | X30: =SUMIFS('WEM demand data'!$I$2:$I$4357,'WEM demand data'!$D$2:$D$4357,Summary!$A30,'WEM demand data'!$F$2:$F$4357,Summary!$A$4,'WEM demand data'!$H$2:$H$4357,Summary!X$7)*1000 -> 0 | Y30: =SUMIFS('WEM demand data'!$I$2:$I$4357,'WEM demand data'!$D$2:$D$4357,Summary!$A30,'WEM demand data'!$F$2:$F$4357,Summary!$A$4,'WEM demand data'!$H$2:$H$4357,Summary!Y$7)*1000 -> 0 | Z30: =SUMIFS('WEM demand data'!$I$2:$I$4357,'WEM demand data'!$D$2:$D$4357,Summary!$A30,'WEM demand data'!$F$2:$F$4357,Summary!$A$4,'WEM demand data'!$H$2:$H$4357,Summary!Z$7)*1000 -> 0 | AA30: =SUMIFS('WEM demand data'!$I$2:$I$4357,'WEM demand data'!$D$2:$D$4357,Summary!$A30,'WEM demand data'!$F$2:$F$4357,Summary!$A$4,'WEM demand data'!$H$2:$H$4357,Summary!AA$7)*1000 -> 0 | AB30: =SUMIFS('WEM demand data'!$I$2:$I$4357,'WEM demand data'!$D$2:$D$4357,Summary!$A30,'WEM demand data'!$F$2:$F$4357,Summary!$A$4,'WEM demand data'!$H$2:$H$4357,Summary!AB$7)*1000 -> 0 | ... AJ30: =SUMIFS('WEM demand data'!$I$2:$I$4357,'WEM demand data'!$D$2:$D$4357,Summary!$A30,'WEM demand data'!$F$2:$F$4357,Summary!$A$4,'WEM demand data'!$H$2:$H$4357,Summary!AJ$7)*1000 -> 0
A31: Losses | B31: GWh | E31: =SUMIFS('WEM demand data'!$I$2:$I$4357,'WEM demand data'!$D$2:$D$4357,Summary!$A31,'WEM demand data'!$F$2:$F$4357,Summary!$C$24,'WEM demand data'!$H$2:$H$4357,Summary!E$25)*1000 -> 1396.6 | F31: =SUMIFS('WEM demand data'!$I$2:$I$4357,'WEM demand data'!$D$2:$D$4357,Summary!$A31,'WEM demand data'!$F$2:$F$4357,Summary!$C$24,'WEM demand data'!$H$2:$H$4357,Summary!F$25)*1000 -> 1392.5 | G31: =SUMIFS('WEM demand data'!$I$2:$I$4357,'WEM demand data'!$D$2:$D$4357,Summary!$A31,'WEM demand data'!$F$2:$F$4357,Summary!$C$24,'WEM demand data'!$H$2:$H$4357,Summary!G$25)*1000 -> 1418.9 | H31: =SUMIFS('WEM demand data'!$I$2:$I$4357,'WEM demand data'!$D$2:$D$4357,Summary!$A31,'WEM demand data'!$F$2:$F$4357,Summary!$C$24,'WEM demand data'!$H$2:$H$4357,Summary!H$25)*1000 -> 1312.7 | I31: =SUMIFS('WEM demand data'!$I$2:$I$4357,'WEM demand data'!$D$2:$D$4357,Summary!$A31,'WEM demand data'!$F$2:$F$4357,Summary!$C$24,'WEM demand data'!$H$2:$H$4357,Summary!I$25)*1000 -> 1524.8 | J31: =SUMIFS('WEM demand data'!$I$2:$I$4357,'WEM demand data'!$D$2:$D$4357,Summary!$A31,'WEM demand data'!$F$2:$F$4357,Summary!$C$24,'WEM demand data'!$H$2:$H$4357,Summary!J$25)*1000 -> 1434.9 | K31: =SUMIFS('WEM demand data'!$I$2:$I$4357,'WEM demand data'!$D$2:$D$4357,Summary!$A31,'WEM demand data'!$F$2:$F$4357,Summary!$C$24,'WEM demand data'!$H$2:$H$4357,Summary!K$25)*1000 -> 1454.7 | L31: =SUMIFS('WEM demand data'!$I$2:$I$4357,'WEM demand data'!$D$2:$D$4357,Summary!$A31,'WEM demand data'!$F$2:$F$4357,Summary!$C$24,'WEM demand data'!$H$2:$H$4357,Summary!L$25)*1000 -> 1462.6 | ... T31: =SUMIFS('WEM demand data'!$I$2:$I$4357,'WEM demand data'!$D$2:$D$4357,Summary!$A31,'WEM demand data'!$F$2:$F$4357,Summary!$C$24,'WEM demand data'!$H$2:$H$4357,Summary!T$25)*1000 -> 2270.1 | U31: =SUMIFS('WEM demand data'!$I$2:$I$4357,'WEM demand data'!$D$2:$D$4357,Summary!$A31,'WEM demand data'!$F$2:$F$4357,Summary!$A$4,'WEM demand data'!$H$2:$H$4357,Summary!U$7)*1000 -> 0 | V31: =SUMIFS('WEM demand data'!$I$2:$I$4357,'WEM demand data'!$D$2:$D$4357,Summary!$A31,'WEM demand data'!$F$2:$F$4357,Summary!$A$4,'WEM demand data'!$H$2:$H$4357,Summary!V$7)*1000 -> 0 | W31: =SUMIFS('WEM demand data'!$I$2:$I$4357,'WEM demand data'!$D$2:$D$4357,Summary!$A31,'WEM demand data'!$F$2:$F$4357,Summary!$A$4,'WEM demand data'!$H$2:$H$4357,Summary!W$7)*1000 -> 0 | X31: =SUMIFS('WEM demand data'!$I$2:$I$4357,'WEM demand data'!$D$2:$D$4357,Summary!$A31,'WEM demand data'!$F$2:$F$4357,Summary!$A$4,'WEM demand data'!$H$2:$H$4357,Summary!X$7)*1000 -> 0 | Y31: =SUMIFS('WEM demand data'!$I$2:$I$4357,'WEM demand data'!$D$2:$D$4357,Summary!$A31,'WEM demand data'!$F$2:$F$4357,Summary!$A$4,'WEM demand data'!$H$2:$H$4357,Summary!Y$7)*1000 -> 0 | Z31: =SUMIFS('WEM demand data'!$I$2:$I$4357,'WEM demand data'!$D$2:$D$4357,Summary!$A31,'WEM demand data'!$F$2:$F$4357,Summary!$A$4,'WEM demand data'!$H$2:$H$4357,Summary!Z$7)*1000 -> 0 | AA31: =SUMIFS('WEM demand data'!$I$2:$I$4357,'WEM demand data'!$D$2:$D$4357,Summary!$A31,'WEM demand data'!$F$2:$F$4357,Summary!$A$4,'WEM demand data'!$H$2:$H$4357,Summary!AA$7)*1000 -> 0 | AB31: =SUMIFS('WEM demand data'!$I$2:$I$4357,'WEM demand data'!$D$2:$D$4357,Summary!$A31,'WEM demand data'!$F$2:$F$4357,Summary!$A$4,'WEM demand data'!$H$2:$H$4357,Summary!AB$7)*1000 -> 0 | ... AJ31: =SUMIFS('WEM demand data'!$I$2:$I$4357,'WEM demand data'!$D$2:$D$4357,Summary!$A31,'WEM demand data'!$F$2:$F$4357,Summary!$A$4,'WEM demand data'!$H$2:$H$4357,Summary!AJ$7)*1000 -> 0
A32: Small Non Scheduled Generation | B32: GWh | E32: =SUMIFS('WEM demand data'!$I$2:$I$4357,'WEM demand data'!$D$2:$D$4357,Summary!$A32,'WEM demand data'!$F$2:$F$4357,Summary!$C$24,'WEM demand data'!$H$2:$H$4357,Summary!E$25)*1000 -> 21.3 | F32: =SUMIFS('WEM demand data'!$I$2:$I$4357,'WEM demand data'!$D$2:$D$4357,Summary!$A32,'WEM demand data'!$F$2:$F$4357,Summary!$C$24,'WEM demand data'!$H$2:$H$4357,Summary!F$25)*1000 -> 39 | G32: =SUMIFS('WEM demand data'!$I$2:$I$4357,'WEM demand data'!$D$2:$D$4357,Summary!$A32,'WEM demand data'!$F$2:$F$4357,Summary!$C$24,'WEM demand data'!$H$2:$H$4357,Summary!G$25)*1000 -> 57.1 | H32: =SUMIFS('WEM demand data'!$I$2:$I$4357,'WEM demand data'!$D$2:$D$4357,Summary!$A32,'WEM demand data'!$F$2:$F$4357,Summary!$C$24,'WEM demand data'!$H$2:$H$4357,Summary!H$25)*1000 -> 70.9 | I32: =SUMIFS('WEM demand data'!$I$2:$I$4357,'WEM demand data'!$D$2:$D$4357,Summary!$A32,'WEM demand data'!$F$2:$F$4357,Summary!$C$24,'WEM demand data'!$H$2:$H$4357,Summary!I$25)*1000 -> 77.9 | J32: =SUMIFS('WEM demand data'!$I$2:$I$4357,'WEM demand data'!$D$2:$D$4357,Summary!$A32,'WEM demand data'!$F$2:$F$4357,Summary!$C$24,'WEM demand data'!$H$2:$H$4357,Summary!J$25)*1000 -> 93.9 | K32: =SUMIFS('WEM demand data'!$I$2:$I$4357,'WEM demand data'!$D$2:$D$4357,Summary!$A32,'WEM demand data'!$F$2:$F$4357,Summary!$C$24,'WEM demand data'!$H$2:$H$4357,Summary!K$25)*1000 -> 122.3 | L32: =SUMIFS('WEM demand data'!$I$2:$I$4357,'WEM demand data'!$D$2:$D$4357,Summary!$A32,'WEM demand data'!$F$2:$F$4357,Summary!$C$24,'WEM demand data'!$H$2:$H$4357,Summary!L$25)*1000 -> 156.3 | ... T32: =SUMIFS('WEM demand data'!$I$2:$I$4357,'WEM demand data'!$D$2:$D$4357,Summary!$A32,'WEM demand data'!$F$2:$F$4357,Summary!$C$24,'WEM demand data'!$H$2:$H$4357,Summary!T$25)*1000 -> 441.2 | U32: =SUMIFS('WEM demand data'!$I$2:$I$4357,'WEM demand data'!$D$2:$D$4357,Summary!$A32,'WEM demand data'!$F$2:$F$4357,Summary!$A$4,'WEM demand data'!$H$2:$H$4357,Summary!U$7)*1000 -> 0 | V32: =SUMIFS('WEM demand data'!$I$2:$I$4357,'WEM demand data'!$D$2:$D$4357,Summary!$A32,'WEM demand data'!$F$2:$F$4357,Summary!$A$4,'WEM demand data'!$H$2:$H$4357,Summary!V$7)*1000 -> 0 | W32: =SUMIFS('WEM demand data'!$I$2:$I$4357,'WEM demand data'!$D$2:$D$4357,Summary!$A32,'WEM demand data'!$F$2:$F$4357,Summary!$A$4,'WEM demand data'!$H$2:$H$4357,Summary!W$7)*1000 -> 0 | X32: =SUMIFS('WEM demand data'!$I$2:$I$4357,'WEM demand data'!$D$2:$D$4357,Summary!$A32,'WEM demand data'!$F$2:$F$4357,Summary!$A$4,'WEM demand data'!$H$2:$H$4357,Summary!X$7)*1000 -> 0 | Y32: =SUMIFS('WEM demand data'!$I$2:$I$4357,'WEM demand data'!$D$2:$D$4357,Summary!$A32,'WEM demand data'!$F$2:$F$4357,Summary!$A$4,'WEM demand data'!$H$2:$H$4357,Summary!Y$7)*1000 -> 0 | Z32: =SUMIFS('WEM demand data'!$I$2:$I$4357,'WEM demand data'!$D$2:$D$4357,Summary!$A32,'WEM demand data'!$F$2:$F$4357,Summary!$A$4,'WEM demand data'!$H$2:$H$4357,Summary!Z$7)*1000 -> 0 | AA32: =SUMIFS('WEM demand data'!$I$2:$I$4357,'WEM demand data'!$D$2:$D$4357,Summary!$A32,'WEM demand data'!$F$2:$F$4357,Summary!$A$4,'WEM demand data'!$H$2:$H$4357,Summary!AA$7)*1000 -> 0 | AB32: =SUMIFS('WEM demand data'!$I$2:$I$4357,'WEM demand data'!$D$2:$D$4357,Summary!$A32,'WEM demand data'!$F$2:$F$4357,Summary!$A$4,'WEM demand data'!$H$2:$H$4357,Summary!AB$7)*1000 -> 0 | ... AJ32: =SUMIFS('WEM demand data'!$I$2:$I$4357,'WEM demand data'!$D$2:$D$4357,Summary!$A32,'WEM demand data'!$F$2:$F$4357,Summary!$A$4,'WEM demand data'!$H$2:$H$4357,Summary!AJ$7)*1000 -> 0
A33: Rooftop PV | B33: GWh | J33: =SUMIFS('WEM demand data'!$I$2:$I$4357,'WEM demand data'!$D$2:$D$4357,Summary!$A33,'WEM demand data'!$F$2:$F$4357,Summary!$C$24,'WEM demand data'!$H$2:$H$4357,Summary!J$25)*1000 -> 3503 | K33: =SUMIFS('WEM demand data'!$I$2:$I$4357,'WEM demand data'!$D$2:$D$4357,Summary!$A33,'WEM demand data'!$F$2:$F$4357,Summary!$C$24,'WEM demand data'!$H$2:$H$4357,Summary!K$25)*1000 -> 3939.8 | L33: =SUMIFS('WEM demand data'!$I$2:$I$4357,'WEM demand data'!$D$2:$D$4357,Summary!$A33,'WEM demand data'!$F$2:$F$4357,Summary!$C$24,'WEM demand data'!$H$2:$H$4357,Summary!L$25)*1000 -> 4399.3 | M33: =SUMIFS('WEM demand data'!$I$2:$I$4357,'WEM demand data'!$D$2:$D$4357,Summary!$A33,'WEM demand data'!$F$2:$F$4357,Summary!$C$24,'WEM demand data'!$H$2:$H$4357,Summary!M$25)*1000 -> 4866 | N33: =SUMIFS('WEM demand data'!$I$2:$I$4357,'WEM demand data'!$D$2:$D$4357,Summary!$A33,'WEM demand data'!$F$2:$F$4357,Summary!$C$24,'WEM demand data'!$H$2:$H$4357,Summary!N$25)*1000 -> 5343.4 | O33: =SUMIFS('WEM demand data'!$I$2:$I$4357,'WEM demand data'!$D$2:$D$4357,Summary!$A33,'WEM demand data'!$F$2:$F$4357,Summary!$C$24,'WEM demand data'!$H$2:$H$4357,Summary!O$25)*1000 -> 5826.1 | P33: =SUMIFS('WEM demand data'!$I$2:$I$4357,'WEM demand data'!$D$2:$D$4357,Summary!$A33,'WEM demand data'!$F$2:$F$4357,Summary!$C$24,'WEM demand data'!$H$2:$H$4357,Summary!P$25)*1000 -> 6306.2 | Q33: =SUMIFS('WEM demand data'!$I$2:$I$4357,'WEM demand data'!$D$2:$D$4357,Summary!$A33,'WEM demand data'!$F$2:$F$4357,Summary!$C$24,'WEM demand data'!$H$2:$H$4357,Summary!Q$25)*1000 -> 6817.7 | ... T33: =SUMIFS('WEM demand data'!$I$2:$I$4357,'WEM demand data'!$D$2:$D$4357,Summary!$A33,'WEM demand data'!$F$2:$F$4357,Summary!$C$24,'WEM demand data'!$H$2:$H$4357,Summary!T$25)*1000 -> 8384.5 | U33: =SUMIFS('WEM demand data'!$I$2:$I$4357,'WEM demand data'!$D$2:$D$4357,Summary!$A33,'WEM demand data'!$F$2:$F$4357,Summary!$A$4,'WEM demand data'!$H$2:$H$4357,Summary!U$7)*1000 -> 0 | V33: =SUMIFS('WEM demand data'!$I$2:$I$4357,'WEM demand data'!$D$2:$D$4357,Summary!$A33,'WEM demand data'!$F$2:$F$4357,Summary!$A$4,'WEM demand data'!$H$2:$H$4357,Summary!V$7)*1000 -> 0 | W33: =SUMIFS('WEM demand data'!$I$2:$I$4357,'WEM demand data'!$D$2:$D$4357,Summary!$A33,'WEM demand data'!$F$2:$F$4357,Summary!$A$4,'WEM demand data'!$H$2:$H$4357,Summary!W$7)*1000 -> 0 | X33: =SUMIFS('WEM demand data'!$I$2:$I$4357,'WEM demand data'!$D$2:$D$4357,Summary!$A33,'WEM demand data'!$F$2:$F$4357,Summary!$A$4,'WEM demand data'!$H$2:$H$4357,Summary!X$7)*1000 -> 0 | Y33: =SUMIFS('WEM demand data'!$I$2:$I$4357,'WEM demand data'!$D$2:$D$4357,Summary!$A33,'WEM demand data'!$F$2:$F$4357,Summary!$A$4,'WEM demand data'!$H$2:$H$4357,Summary!Y$7)*1000 -> 0 | Z33: =SUMIFS('WEM demand data'!$I$2:$I$4357,'WEM demand data'!$D$2:$D$4357,Summary!$A33,'WEM demand data'!$F$2:$F$4357,Summary!$A$4,'WEM demand data'!$H$2:$H$4357,Summary!Z$7)*1000 -> 0 | AA33: =SUMIFS('WEM demand data'!$I$2:$I$4357,'WEM demand data'!$D$2:$D$4357,Summary!$A33,'WEM demand data'!$F$2:$F$4357,Summary!$A$4,'WEM demand data'!$H$2:$H$4357,Summary!AA$7)*1000 -> 0 | AB33: =SUMIFS('WEM demand data'!$I$2:$I$4357,'WEM demand data'!$D$2:$D$4357,Summary!$A33,'WEM demand data'!$F$2:$F$4357,Summary!$A$4,'WEM demand data'!$H$2:$H$4357,Summary!AB$7)*1000 -> 0 | ... AJ33: =SUMIFS('WEM demand data'!$I$2:$I$4357,'WEM demand data'!$D$2:$D$4357,Summary!$A33,'WEM demand data'!$F$2:$F$4357,Summary!$A$4,'WEM demand data'!$H$2:$H$4357,Summary!AJ$7)*1000 -> 0
A34: Operational (Sent Out) | B34: GWh | E34: =SUMIFS('WEM demand data'!$I$2:$I$4357,'WEM demand data'!$D$2:$D$4357,Summary!$A34,'WEM demand data'!$F$2:$F$4357,Summary!$C$24,'WEM demand data'!$H$2:$H$4357,Summary!E$25)*1000 -> 17420.2 | F34: =SUMIFS('WEM demand data'!$I$2:$I$4357,'WEM demand data'!$D$2:$D$4357,Summary!$A34,'WEM demand data'!$F$2:$F$4357,Summary!$C$24,'WEM demand data'!$H$2:$H$4357,Summary!F$25)*1000 -> 17664.3 | G34: =SUMIFS('WEM demand data'!$I$2:$I$4357,'WEM demand data'!$D$2:$D$4357,Summary!$A34,'WEM demand data'!$F$2:$F$4357,Summary!$C$24,'WEM demand data'!$H$2:$H$4357,Summary!G$25)*1000 -> 17543.8 | H34: =SUMIFS('WEM demand data'!$I$2:$I$4357,'WEM demand data'!$D$2:$D$4357,Summary!$A34,'WEM demand data'!$F$2:$F$4357,Summary!$C$24,'WEM demand data'!$H$2:$H$4357,Summary!H$25)*1000 -> 17847.4 | I34: =SUMIFS('WEM demand data'!$I$2:$I$4357,'WEM demand data'!$D$2:$D$4357,Summary!$A34,'WEM demand data'!$F$2:$F$4357,Summary!$C$24,'WEM demand data'!$H$2:$H$4357,Summary!I$25)*1000 -> 17302.3 | J34: =SUMIFS('WEM demand data'!$I$2:$I$4357,'WEM demand data'!$D$2:$D$4357,Summary!$A34,'WEM demand data'!$F$2:$F$4357,Summary!$C$24,'WEM demand data'!$H$2:$H$4357,Summary!J$25)*1000 -> 17800.2 | K34: =SUMIFS('WEM demand data'!$I$2:$I$4357,'WEM demand data'!$D$2:$D$4357,Summary!$A34,'WEM demand data'!$F$2:$F$4357,Summary!$C$24,'WEM demand data'!$H$2:$H$4357,Summary!K$25)*1000 -> 18018.2 | L34: =SUMIFS('WEM demand data'!$I$2:$I$4357,'WEM demand data'!$D$2:$D$4357,Summary!$A34,'WEM demand data'!$F$2:$F$4357,Summary!$C$24,'WEM demand data'!$H$2:$H$4357,Summary!L$25)*1000 -> 18082.4 | ... T34: =SUMIFS('WEM demand data'!$I$2:$I$4357,'WEM demand data'!$D$2:$D$4357,Summary!$A34,'WEM demand data'!$F$2:$F$4357,Summary!$C$24,'WEM demand data'!$H$2:$H$4357,Summary!T$25)*1000 -> 27867.6 | U34: =T34*(1+U94) -> 28030.056 | V34: =U34*(1+V94) -> 28193.459 | W34: =V34*(1+W94) -> 28357.814 | X34: =W34*(1+X94) -> 28523.128 | Y34: =X34*(1+Y94) -> 28689.405 | Z34: =Y34*(1+Z94) -> 28856.652 | AA34: =Z34*(1+AA94) -> 29024.874 | AB34: =AA34*(1+AB94) -> 29194.076 | ... AJ34: =AI34*(1+AJ94) -> 30583.691
A35: Operational (Sent Out) + Small Non Scheduled Generation | B35: GWh | E35: =E34+E32 -> 17441.5 | F35: =F34+F32 -> 17703.3 | G35: =G34+G32 -> 17600.9 | H35: =H34+H32 -> 17918.3 | I35: =I34+I32 -> 17380.2 | J35: =J34+J32 -> 17894.1 | K35: =K34+K32 -> 18140.5 | L35: =L34+L32 -> 18238.7 | ... T35: =T34+T32 -> 28308.8 | U35: =T35*(1+U94) -> 28473.828 | V35: =U35*(1+V94) -> 28639.818 | W35: =V35*(1+W94) -> 28806.775 | X35: =W35*(1+X94) -> 28974.706 | Y35: =X35*(1+Y94) -> 29143.616 | Z35: =Y35*(1+Z94) -> 29313.511 | AA35: =Z35*(1+AA94) -> 29484.396 | AB35: =AA35*(1+AB94) -> 29656.277 | ... AJ35: =AI35*(1+AJ94) -> 31067.892
A36: Underlying Demand - Operational Sent out + Rooftop PV + Non-scheduled | B36: GWh | E36: 17471.63 | F36: 18107.077 | G36: 18558.214 | H36: 19340.246 | I36: 18934.793 | J36: =SUM(J34,J33,J32) -> 21397.1 | K36: =SUM(K34,K33,K32) -> 22080.3 | L36: =SUM(L34,L33,L32) -> 22638 | M36: =SUM(M34,M33,M32) -> 23344.6 | N36: =SUM(N34,N33,N32) -> 24100 | O36: =SUM(O34,O33,O32) -> 25275.3 | P36: =SUM(P34,P33,P32) -> 27401.9 | Q36: =SUM(Q34,Q33,Q32) -> 29982 | ... T36: =SUM(T34,T33,T32) -> 36693.3 | U36: =T36*(1+U89) -> 38188.132 | V36: =U36*(1+V89) -> 39743.861 | W36: =V36*(1+W89) -> 41362.969 | X36: =W36*(1+X89) -> 43048.036 | Y36: =X36*(1+Y89) -> 44801.751 | Z36: =Y36*(1+Z89) -> 46626.91 | AA36: =Z36*(1+AA89) -> 48526.423 | AB36: =AA36*(1+AB89) -> 50503.319 | ... AJ36: =AI36*(1+AJ89) -> 69510.926
E37: Source: 2024 Expected Underlying Consumption (Fig. 6) | F37: https://aemo.com.au/-/media/files/electricity/wem/planning_and_forecasting/esoo/2024/2024-wem-electricity-statement-of-opportunities.pdf?la=en
A39: NWIS
A40: Source
A41: NGER reports
F43: 2020 | G43: 2021 | H43: 2022 | I43: 2023 | J43: 2024 | K43: 2025 | L43: 2026 | M43: 2027 | N43: 2028 | O43: 2029 | P43: 2030 | Q43: 2031 | R43: 2032 | S43: 2033 | T43: 2034 | U43: 2035 | V43: 2036 | W43: 2037 | X43: 2038 | Y43: 2039 | Z43: 2040 | AA43: 2041 | AB43: 2042 | AC43: 2043 | AD43: 2044 | AE43: 2045 | AF43: 2046 | AG43: 2047 | AH43: 2048 | AI43: 2049 | AJ43: 2050 | AK43: 2051 | AL43: 2052 | AM43: 2053 | AN43: 2054 | AO43: 2055
A44: NWIS forecast based on NGER figures | B44: GWh | F44: =G44*notes!D19/notes!E19 -> 2712.2668 | G44: =H44*notes!E19/notes!F19 -> 2759.4366 | H44: =I44*notes!F19/notes!G19 -> 2830.1914 | I44: =J44*notes!G19/notes!H19 -> 2712.2668 | J44: 3026.194 | K44: =J44*notes!I19/notes!H19 -> 3026.194 | L44: =K44*notes!J19/notes!I19 -> 2830.1914 | M44: =L44*notes!K19/notes!J19 -> 2863.8842 | N44: =M44*notes!L19/notes!K19 -> 2897.5769 | O44: =N44*notes!M19/notes!L19 -> 2931.2697 | P44: =O44*notes!N19/notes!M19 -> 2964.9624 | Q44: =P44*notes!O19/notes!N19 -> 2998.6552 | R44: =Q44*notes!P19/notes!O19 -> 3032.3479 | ... Z44: =Y44*notes!X19/notes!W19 -> 3301.89 | AA44: =Z44*(1+AA90) -> 3338.4476 | AB44: =AA44*(1+AB90) -> 3375.41 | AC44: =AB44*(1+AC90) -> 3412.7816 | AD44: =AC44*(1+AD90) -> 3450.567 | AE44: =AD44*(1+AE90) -> 3488.7707 | AF44: =AE44*(1+AF90) -> 3527.3974 | AG44: =AF44*(1+AG90) -> 3566.4518 | AH44: =AG44*(1+AH90) -> 3605.9385 | ... AJ44: =AI44*(1+AJ90) -> 3686.2285
A47: DKIS | B47: Annual System Consumption (period ending 31st August)
A48: Source | B48: https://utilicom.nt.gov.au/electricity/reporting/electricity-outlook-report
B49: https://utilicom.nt.gov.au/publications/reports-and-reviews/pre-2025/2023-northern-territory-electricity-outlook-report-data
A51: Annual System Consumption (period ending 31st August) | C51: 2017 | D51: 2018 | E51: 2019 | F51: 2020 | G51: 2021 | H51: 2022 | I51: 2023 | J51: 2024 | K51: 2025 | L51: 2026 | M51: 2027 | N51: 2028 | O51: 2029 | P51: 2030 | Q51: 2031 | R51: 2032 | S51: 2033 | T51: 2034 | U51: 2035 | V51: 2036 | W51: 2037 | X51: 2038 | Y51: 2039 | Z51: 2040 | AA51: 2041 | AB51: 2042 | AC51: 2043 | AD51: 2044 | AE51: 2045 | AF51: 2046 | AG51: 2047 | AH51: 2048 | AI51: 2049 | AJ51: 2050 | AK51: 2051 | AL51: 2052 | AM51: 2053 | AN51: 2054 | AO51: 2055
A52: Darwin | B52: GWh | C52: 1445.6654 | D52: 1456.4343 | E52: 1396.4834 | F52: 1329.7053 | G52: 1318.8528 | H52: 1392.6506 | I52: 1310.852 | J52: 1303.864 | K52: 1340.528 | L52: 1341.943 | M52: 1339.164 | N52: 1336.816 | O52: 1334.53 | P52: 1332.64 | Q52: 1330.938 | R52: 1329.785 | S52: 1328.442 | T52: =S52*(1+T$90) -> 1343.0403 | U52: =T52*(1+U$90) -> 1357.6385 | V52: =U52*(1+V$90) -> 1372.2368 | W52: =V52*(1+W$90) -> 1386.8351 | X52: =W52*(1+X$90) -> 1401.4333 | Y52: =X52*(1+Y$90) -> 1416.0316 | Z52: =Y52*(1+Z$90) -> 1430.6298 | AA52: =Z52*(1+AA$90) -> 1446.4694 | ... AJ52: =AI52*(1+AJ$90) -> 1597.1545
A53: Manton, Batchelor, Pine Creek | B53: GWh | C53: 74.758973 | D53: 40.859813 | E53: 47.046203 | F53: 46.667706 | G53: 22.082426 | H53: 20.821712 | I53: 22.73555 | J53: 21.79848 | K53: 27.97303 | L53: 29.97694 | M53: 29.91986 | N53: 29.91967 | O53: 29.95682 | P53: 29.95682 | Q53: 30.01596 | R53: 30.11266 | S53: 30.16718 | T53: =S53*(1+T$90) -> 30.498687 | U53: =T53*(1+U$90) -> 30.830195 | V53: =U53*(1+V$90) -> 31.161702 | W53: =V53*(1+W$90) -> 31.49321 | X53: =W53*(1+X$90) -> 31.824717 | Y53: =X53*(1+Y$90) -> 32.156225 | Z53: =Y53*(1+Z$90) -> 32.487732 | AA53: =Z53*(1+AA$90) -> 32.847428 | ... AJ53: =AI53*(1+AJ$90) -> 36.26929
A54: Katherine | B54: GWh | C54: 119.3411 | D54: 122.96482 | E54: 128.47022 | F54: 129.01341 | G54: 124.37693 | H54: 132.21949 | I54: 123.48468 | J54: 129.5827 | K54: 140.4275 | L54: 173.7085 | M54: 173.5649 | N54: 173.5716 | O54: 173.3709 | P54: 173.3131 | Q54: 173.4838 | R54: 173.4578 | S54: 173.4578 | T54: =S54*(1+T$90) -> 175.36393 | U54: =T54*(1+U$90) -> 177.27006 | V54: =U54*(1+V$90) -> 179.17619 | W54: =V54*(1+W$90) -> 181.08232 | X54: =W54*(1+X$90) -> 182.98845 | Y54: =X54*(1+Y$90) -> 184.89458 | Z54: =Y54*(1+Z$90) -> 186.80071 | AA54: =Z54*(1+AA$90) -> 188.86891 | ... AJ54: =AI54*(1+AJ$90) -> 208.54423
A55: Darwin-Katherine Total Consumption | B55: GWh | C55: 1639.7655 | D55: 1620.2589 | E55: 1571.9998 | F55: 1505.3864 | G55: 1465.3121 | H55: 1545.6918 | I55: 1457.0722 | J55: 1455.2452 | K55: 1508.9285 | L55: 1545.6284 | M55: 1542.6488 | N55: 1540.3073 | O55: 1537.8577 | P55: 1535.9099 | Q55: 1534.4378 | R55: 1533.3555 | S55: 1532.067 | T55: =S55*(1+T$90) -> 1548.9029 | U55: =T55*(1+U$90) -> 1565.7388 | V55: =U55*(1+V$90) -> 1582.5747 | W55: =V55*(1+W$90) -> 1599.4106 | X55: =W55*(1+X$90) -> 1616.2465 | Y55: =X55*(1+Y$90) -> 1633.0824 | Z55: =Y55*(1+Z$90) -> 1649.9183 | AA55: =Z55*(1+AA$90) -> 1668.1857 | ... AJ55: =AI55*(1+AJ$90) -> 1841.968
B57: https://utilicom.nt.gov.au/publications/reports-and-reviews/pre-2025/2023-northern-territory-electricity-outlook-report-data
A58: Annual System Consumption (period ending 31st August) | C58: 2017 | D58: 2018 | E58: 2019 | F58: 2020 | G58: 2021 | H58: 2022 | I58: 2023 | J58: 2024 | K58: 2025 | L58: 2026 | M58: 2027 | N58: 2028 | O58: 2029 | P58: 2030 | Q58: 2031 | R58: 2032 | S58: 2033 | T58: 2034 | U58: 2035 | V58: 2036 | W58: 2037 | X58: 2038 | Y58: 2039 | Z58: 2040 | AA58: 2041 | AB58: 2042 | AC58: 2043 | AD58: 2044 | AE58: 2045 | AF58: 2046 | AG58: 2047 | AH58: 2048 | AI58: 2049 | AJ58: 2050 | AK58: 2051 | AL58: 2052 | AM58: 2053 | AN58: 2054 | AO58: 2055
A59: Alice Springs | B59: GWh | C59: 216.97813 | D59: 213.97188 | E59: 219.51725 | F59: 209.22419 | G59: 202.06005 | H59: 196.77424 | I59: 191.49551 | J59: 206.62817 | K59: 230.81103 | L59: 245.91989 | M59: 245.7762 | N59: 245.82523 | O59: 245.70616 | P59: 245.76325 | Q59: 245.85212 | R59: 246.16573 | S59: 246.23422 | T59: =S59*(1+T$90) -> 248.94009 | U59: =T59*(1+U$90) -> 251.64596 | V59: =U59*(1+V$90) -> 254.35183 | W59: =V59*(1+W$90) -> 257.0577 | X59: =W59*(1+X$90) -> 259.76357 | Y59: =X59*(1+Y$90) -> 262.46944 | Z59: =Y59*(1+Z$90) -> 265.17532 | AA59: =Z59*(1+AA$90) -> 268.11126 | ... AJ59: =AI59*(1+AJ$90) -> 296.0416
A60: Tenant Creek | B60: GWh | C60: 29.05787 | D60: 28.77383 | E60: 29.138355 | F60: 31.62503 | G60: 29.8631 | H60: 30.811686 | I60: 31.402998 | J60: 29.359362 | K60: 29.293926 | L60: 29.238935 | M60: 29.259898 | N60: 29.287791 | O60: 29.324974 | P60: 29.36669 | Q60: 29.4104 | R60: 29.476544 | S60: 29.541364 | T60: =S60*(1+T$90) -> 29.865995 | U60: =T60*(1+U$90) -> 30.190625 | V60: =U60*(1+V$90) -> 30.515256 | W60: =V60*(1+W$90) -> 30.839886 | X60: =W60*(1+X$90) -> 31.164516 | Y60: =X60*(1+Y$90) -> 31.489147 | Z60: =Y60*(1+Z$90) -> 31.813777 | AA60: =Z60*(1+AA$90) -> 32.166011 | ... AJ60: =AI60*(1+AJ$90) -> 35.516887
A61: Total | B61: GWh | C61: =SUM(C59:C60) -> 246.036 | D61: =SUM(D59:D60) -> 242.74571 | E61: =SUM(E59:E60) -> 248.6556 | F61: =SUM(F59:F60) -> 240.84922 | G61: =SUM(G59:G60) -> 231.92315 | H61: =SUM(H59:H60) -> 227.58592 | I61: =SUM(I59:I60) -> 222.89851 | J61: =SUM(J59:J60) -> 235.98753 | ... S61: =SUM(S59:S60) -> 275.77559 | T61: =S61*(1+T$90) -> 278.80609 | U61: =T61*(1+U$90) -> 281.83659 | V61: =U61*(1+V$90) -> 284.86709 | W61: =V61*(1+W$90) -> 287.89759 | X61: =W61*(1+X$90) -> 290.92809 | Y61: =X61*(1+Y$90) -> 293.95859 | Z61: =Y61*(1+Z$90) -> 296.98909 | AA61: =Z61*(1+AA$90) -> 300.27727 | ... AJ61: =AI61*(1+AJ$90) -> 331.55849
A64: Aggregated historical and forecast distributed PV capacity | C64: 2017 | D64: 2018 | E64: 2019 | F64: 2020 | G64: 2021 | H64: 2022 | I64: 2023 | J64: 2024 | K64: 2025 | L64: 2026 | M64: 2027 | N64: 2028 | O64: 2029 | P64: 2030 | Q64: 2031 | R64: 2032 | S64: 2033 | T64: 2034 | U64: 2035 | V64: 2036 | W64: 2037 | X64: 2038 | Y64: 2039 | Z64: 2040 | AA64: 2041 | AB64: 2042 | AC64: 2043 | AD64: 2044 | AE64: 2045 | AF64: 2046 | AG64: 2047 | AH64: 2048 | AI64: 2049 | AJ64: 2050 | AK64: 2051 | AL64: 2052 | AM64: 2053 | AN64: 2054 | AO64: 2055
A65: Darwin-Katherine | B65: GWh | C65: 35.07 | D65: 52.46 | E65: 68.12 | F65: 86.51 | G65: 97.83 | H65: 107 | I65: 115.02 | J65: 122.68 | K65: 130.38 | L65: 138.11 | M65: 145.86 | N65: 153.66 | O65: 161.47 | P65: 169.3 | Q65: 177.17 | R65: 185.04 | S65: 189.77 | T65: =S65*(1+T$90) -> 191.85538 | U65: =T65*(1+U$90) -> 193.94077 | V65: =U65*(1+V$90) -> 196.02615 | W65: =V65*(1+W$90) -> 198.11154 | X65: =W65*(1+X$90) -> 200.19692 | Y65: =X65*(1+Y$90) -> 202.28231 | Z65: =Y65*(1+Z$90) -> 204.36769 | AA65: =Z65*(1+AA$90) -> 206.6304 | ... AJ65: =AI65*(1+AJ$90) -> 228.156
A66: Alice Springs | B66: GWh | C66: 9.7163914 | D66: 11.674353 | E66: 13.230568 | F66: 16.007048 | G66: 18.079538 | H66: 19.474272 | I66: 20.102272 | J66: 21.24346 | K66: 22.399945 | L66: 23.517993 | M66: 24.620144 | N66: 25.706963 | O66: 26.779029 | P66: 27.836932 | Q66: 28.881256 | R66: 29.91258 | S66: 30.931471 | T66: =S66*(1+T$90) -> 31.271377 | U66: =T66*(1+U$90) -> 31.611283 | V66: =U66*(1+V$90) -> 31.951189 | W66: =V66*(1+W$90) -> 32.291096 | X66: =W66*(1+X$90) -> 32.631002 | Y66: =X66*(1+Y$90) -> 32.970908 | Z66: =Y66*(1+Z$90) -> 33.310814 | AA66: =Z66*(1+AA$90) -> 33.679623 | ... AJ66: =AI66*(1+AJ$90) -> 37.188178
A67: Tenant Creek | B67: GWh | C67: 0.4328036 | D67: 0.4466036 | E67: 0.4516036 | F67: 0.5656036 | G67: 0.5756036 | H67: 0.7296036 | I67: 0.7296036 | J67: 1.0484356 | K67: 1.0602922 | L67: 1.072171 | M67: 1.0840698 | N67: 1.0959868 | O67: 1.1079206 | P67: 1.11987 | Q67: 1.1318338 | R67: 1.1438112 | S67: 1.16 | T67: =S67*(1+T$90) -> 1.1727473 | U67: =T67*(1+U$90) -> 1.1854945 | V67: =U67*(1+V$90) -> 1.1982418 | W67: =V67*(1+W$90) -> 1.210989 | X67: =W67*(1+X$90) -> 1.2237363 | Y67: =X67*(1+Y$90) -> 1.2364835 | Z67: =Y67*(1+Z$90) -> 1.2492308 | AA67: =Z67*(1+AA$90) -> 1.2630619 | ... AJ67: =AI67*(1+AJ$90) -> 1.3946407
A70: DKIS and Alice Springs Total Northern Territory | B70: GWh | C70: =C61+C55+C65+C66+C67 -> 1931.0207 | D70: =D61+D55+D65+D66+D67 -> 1927.5856 | E70: =E61+E55+E65+E66+E67 -> 1902.4576 | F70: =F61+F55+F65+F66+F67 -> 1849.3183 | G70: =G61+G55+G65+G66+G67 -> 1813.7204 | H70: =H61+H55+H65+H66+H67 -> 1900.4816 | I70: =I61+I55+I65+I66+I67 -> 1815.8226 | J70: =J61+J55+J65+J66+J67 -> 1836.2046 | ... AJ70: =AJ61+AJ55+AJ65+AJ66+AJ67 -> 2440.2653
A73: MT ISA
A74: Mt Isa load | B74: GWh | F74: 2014.718 | G74: 2142.135 | H74: 2058.979 | I74: 2043.416 | J74: 1648.862 | K74: =TREND(F74:J74,F64:J64,K64) -> 1732.4927 | L74: =TREND(G74:K74,G64:K64,L64) -> 1556.3565 | M74: =TREND(H74:L74,H64:L64,M64) -> 1413.1707 | N74: =TREND(I74:M74,I64:M64,N64) -> 1272.9607 | O74: =TREND(J74:N74,J64:N64,O64) -> 1203.4312 | P74: =TREND(K74:O74,K64:O64,P64) -> 1033.2267 | Q74: =TREND(L74:P74,L64:P64,Q64) -> 919.02947 | R74: 901 | S74: 901 | T74: 901 | U74: 901 | V74: 901 | W74: 901 | X74: 901 | Y74: 901 | Z74: 901 | AA74: 901 | AB74: 901 | AC74: 901 | AD74: 901 | AE74: 901 | AF74: 901 | AG74: 901 | AH74: 901 | AI74: 901 | AJ74: 901
A75: Source | B75: Powerlink report noted below
A76: NGER Reports up until 2024 | B76: https://www.powerlink.com.au/planning-report/transmission-annual-planning-report-2024
B77: North West zone which includes Mt Isa connected from 2032
A79: TOTAL WITHOUT ROOFTOP PV | B79: GWh | J79: =SUM(J18,J35,J44,J55,J61,J74) -> 215936.09 | K79: =SUM(K18,K35,K44,K55,K61,K74) -> 215214.62 | L79: =SUM(L18,L35,L44,L55,L61,L74) -> 217203.44 | M79: =SUM(M18,M35,M44,M55,M61,M74) -> 220289.74 | N79: =SUM(N18,N35,N44,N55,N61,N74) -> 221362.66 | O79: =SUM(O18,O35,O44,O55,O61,O74) -> 223254.59 | P79: =SUM(P18,P35,P44,P55,P61,P74) -> 228705.03 | Q79: =SUM(Q18,Q35,Q44,Q55,Q61,Q74) -> 235527.88 | ... AJ79: =SUM(AJ18,AJ35,AJ44,AJ55,AJ61,AJ74) -> 340753.75
A80: TOTAL UNDERLYING | B80: GWh | J80: =SUM(J19,J36,J44,J70,J74) -> 236035.22 | K80: =SUM(K19,K36,K44,K70,K74) -> 238339.76 | L80: =SUM(L19,L36,L44,L70,L74) -> 243687.74 | M80: =SUM(M19,M36,M44,M70,M74) -> 250589.7 | N80: =SUM(N19,N36,N44,N70,N74) -> 256777.62 | O80: =SUM(O19,O36,O44,O70,O74) -> 262907.35 | P80: =SUM(P19,P36,P44,P70,P74) -> 271750.39 | Q80: =SUM(Q19,Q36,Q44,Q70,Q74) -> 282363.27 | ... AJ80: =SUM(AJ19,AJ36,AJ44,AJ70,AJ74) -> 479861.82
A81: Does not include SNSG for all of the NT and NWIS, or Rooftop PV for NWIS and Mt Isa
A86: Rate of change for 2050 projection | F86: 2020 | G86: 2021 | H86: 2022 | I86: 2023 | J86: 2024 | K86: 2025 | L86: 2026 | M86: 2027 | N86: 2028 | O86: 2029 | P86: 2030 | Q86: 2031 | R86: 2032 | S86: 2033 | T86: 2034 | U86: 2035 | V86: 2036 | W86: 2037 | X86: 2038 | Y86: 2039 | Z86: 2040 | AA86: 2041 | AB86: 2042 | AC86: 2043 | AD86: 2044 | AE86: 2045 | AF86: 2046 | AG86: 2047 | AH86: 2048 | AI86: 2049 | AJ86: 2050
A88: NEM | K88: =K19/J19-1 -> 0.006971924 | L88: =L19/K19-1 -> 0.024343216 | M88: =M19/L19-1 -> 0.029341852 | N88: =N19/M19-1 -> 0.025035886 | O88: =O19/N19-1 -> 0.022002886 | P88: =P19/O19-1 -> 0.029572548 | Q88: =Q19/P19-1 -> 0.034008836 | R88: =R19/Q19-1 -> 0.03656247 | ... AJ88: =AJ19/AI19-1 -> 0.019576348
A89: WEM | B89: =AVERAGE(F89:K89) -> 0.040738555 | C89: 2020-2025 avg | F89: =F36/E36-1 -> 0.036370211 | G89: =G36/F36-1 -> 0.024914972 | H89: =H36/G36-1 -> 0.042139389 | I89: =I36/H36-1 -> -0.020964218 | J89: =J36/I36-1 -> 0.13004142 | K89: =K36/J36-1 -> 0.031929561 | L89: =L36/K36-1 -> 0.025257809 | M89: =M36/L36-1 -> 0.031213005 | ... T89: =T36/S36-1 -> 0.066715312 | U89: =$B$89 -> 0.040738555 | V89: =$B$89 -> 0.040738555 | W89: =$B$89 -> 0.040738555 | X89: =$B$89 -> 0.040738555 | Y89: =$B$89 -> 0.040738555 | Z89: =$B$89 -> 0.040738555 | AA89: =$B$89 -> 0.040738555 | AB89: =$B$89 -> 0.040738555 | ... AJ89: =$B$89 -> 0.040738555
A90: NWIS | B90: =AVERAGE(M90:Z90) -> 0.011071725 | C90: 2027-2040 average based on peak demand projection | G90: =G44/F44-1 -> 0.017391304 | H90: =H44/G44-1 -> 0.025641026 | I90: =I44/H44-1 -> -0.041666667 | J90: =J44/I44-1 -> 0.1157435 | K90: =K44/J44-1 -> 0 | L90: =L44/K44-1 -> -0.064768683 | M90: =M44/L44-1 -> 0.011904762 | N90: =N44/M44-1 -> 0.011764706 | ... Z90: =Z44/Y44-1 -> 0.010309278 | AA90: =$B$90 -> 0.011071725 | AB90: =$B$90 -> 0.011071725 | AC90: =$B$90 -> 0.011071725 | AD90: =$B$90 -> 0.011071725 | AE90: =$B$90 -> 0.011071725 | AF90: =$B$90 -> 0.011071725 | AG90: =$B$90 -> 0.011071725 | AH90: =$B$90 -> 0.011071725 | ... AJ90: =$B$90 -> 0.011071725
A91: DKIS | B91: =B90 -> 0.011071725 | C91: based off NWIS | J91: =J55/I55-1 -> -0.0012539186 | K91: =K55/J55-1 -> 0.036889557 | L91: =L55/K55-1 -> 0.024321835 | M91: =M55/L55-1 -> -0.0019278113 | N91: =N55/M55-1 -> -0.0015178374 | O91: =O55/N55-1 -> -0.0015902996 | P91: =P55/O55-1 -> -0.0012665671 | Q91: =Q55/P55-1 -> -0.00095849371 | ... AJ91: =AJ55/AI55-1 -> 0.011071725
A92: ALICE | B92: =B91 -> 0.011071725 | C92: based off NWIS | J92: =J61/I61-1 -> 0.058721891 | K92: =K61/J61-1 -> 0.10219787 | L92: =L61/K61-1 -> 0.057876128 | M92: =M61/L61-1 -> -0.00044602583 | N92: =N61/M61-1 -> 0.00027968191 | O92: =O61/N61-1 -> -0.00029762202 | P92: =P61/O61-1 -> 0.00035922765 | Q92: =Q61/P61-1 -> 0.00048189639 | ... AJ92: =AJ61/AI61-1 -> 0.011071725
A93: MT ISA | B93: =AVERAGE(G93:R93) -> -0.062048279 | C93: 2021-2032 avg | G93: =G74/F74-1 -> 0.063243094 | H93: =H74/G74-1 -> -0.038819215 | I93: =I74/H74-1 -> -0.0075586006 | J93: =J74/I74-1 -> -0.1930855 | K93: =K74/J74-1 -> 0.050720254 | L93: =L74/K74-1 -> -0.10166637 | M93: =M74/L74-1 -> -0.092000609 | N93: =N74/M74-1 -> -0.099216586 | ... R93: =R74/Q74-1 -> -0.019617941 | S93: =$B$93 -> -0.062048279 | T93: =$B$93 -> -0.062048279 | U93: =$B$93 -> -0.062048279 | V93: =$B$93 -> -0.062048279 | W93: =$B$93 -> -0.062048279 | X93: =$B$93 -> -0.062048279 | Y93: =$B$93 -> -0.062048279 | Z93: =$B$93 -> -0.062048279 | ... AJ93: =$B$93 -> -0.062048279
A94: SWIS OPERATIONAL DEMAND | B94: =AVERAGE(F94:K94) -> 0.0058295615 | C94: 2020-2025 avg | F94: =F34/E34-1 -> 0.014012468 | G94: =G34/F34-1 -> -0.0068216686 | H94: =H34/G34-1 -> 0.017305259 | I94: =I34/H34-1 -> -0.030542264 | J94: =J34/I34-1 -> 0.028776521 | K94: =K34/J34-1 -> 0.012247053 | L94: =L34/K34-1 -> 0.003563064 | M94: =M34/L34-1 -> 0.01132593 | ... T94: =T34/S34-1 -> 0.066992369 | U94: =$B$94 -> 0.0058295615 | V94: =$B$94 -> 0.0058295615 | W94: =$B$94 -> 0.0058295615 | X94: =$B$94 -> 0.0058295615 | Y94: =$B$94 -> 0.0058295615 | Z94: =$B$94 -> 0.0058295615 | AA94: =$B$94 -> 0.0058295615 | AB94: =$B$94 -> 0.0058295615 | ... AJ94: =$B$94 -> 0.0058295615
A96: 2050 FORECASTS
A97: NEM | B97: AEMO ESOO 2024
A98: WEM | B98: WA ESOO to 2034, then 2020-2024 historic growth used

Sheet NEM demand data
A1: Publication | B1: Version | C1: Parent Category | D1: Category | E1: SubCategory | F1: Region | G1: Scenario | H1: Year | I1: Annual Consumption (TWh)
A2: ESOO 2024 | B2: 2024-08-29 | C2: Operational (As Generated) | D2: Auxiliary | E2: Auxiliary | F2: New South Wales | G2: Actual | H2: 2019 | I2: 2.9956
A3: ESOO 2024 | B3: 2024-08-29 | C3: Operational (Sent Out) | D3: Operational (Sent Out) | E3: Operational (Sent Out) | F3: New South Wales | G3: Actual | H3: 2019 | I3: 68.0918
A4: ESOO 2024 | B4: 2024-08-29 | C4: Operational (Sent Out) | D4: Losses | E4: Distribution losses | F4: New South Wales | G4: Actual | H4: 2019 | I4: 2.391
A5: ESOO 2024 | B5: 2024-08-29 | C5: Operational (Sent Out) | D5: Losses | E5: Transmission Losses | F5: New South Wales | G5: Actual | H5: 2019 | I5: 1.6344
A6: ESOO 2024 | B6: 2024-08-29 | C6: Operational (Sent Out) | D6: Small Non Scheduled Generation | E6: ONSG generation | F6: New South Wales | G6: Actual | H6: 2019 | I6: 1.5405
A7: ESOO 2024 | B7: 2024-08-29 | C7: Operational (Sent Out) | D7: Small Non Scheduled Generation | E7: PVNSG generation | F7: New South Wales | G7: Actual | H7: 2019 | I7: 0.2451
A8: ESOO 2024 | B8: 2024-08-29 | C8: Operational (As Generated) | D8: Auxiliary | E8: Auxiliary | F8: New South Wales | G8: Actual | H8: 2020 | I8: 2.7745
A9: ESOO 2024 | B9: 2024-08-29 | C9: Operational (Sent Out) | D9: Operational (Sent Out) | E9: Operational (Sent Out) | F9: New South Wales | G9: Actual | H9: 2020 | I9: 66.5705
A10: ESOO 2024 | B10: 2024-08-29 | C10: Operational (Sent Out) | D10: Losses | E10: Distribution losses | F10: New South Wales | G10: Actual | H10: 2020 | I10: 2.3292
A11: ESOO 2024 | B11: 2024-08-29 | C11: Operational (Sent Out) | D11: Losses | E11: Transmission Losses | F11: New South Wales | G11: Actual | H11: 2020 | I11: 1.4846
A12: ESOO 2024 | B12: 2024-08-29 | C12: Operational (Sent Out) | D12: Small Non Scheduled Generation | E12: ONSG generation | F12: New South Wales | G12: Actual | H12: 2020 | I12: 1.3328
A13: ESOO 2024 | B13: 2024-08-29 | C13: Operational (Sent Out) | D13: Small Non Scheduled Generation | E13: PVNSG generation | F13: New South Wales | G13: Actual | H13: 2020 | I13: 0.3275
... A4357: ESOO 2024 | B4357: 2024-08-29 | C4357: Operational (Sent Out) | D4357: Rooftop PV | E4357: Residential | F4357: NEM | G4357: Central | H4357: 2054 | I4357: 93.2616

Sheet WEM demand data
A1: Publication | B1: Version | C1: Parent Category | D1: Category | E1: SubCategory | F1: Region | G1: Scenario | H1: Year | I1: Annual Consumption (TWh)
A2: WEM ESOO 2024 | B2: 2024-06-18 | C2: Operational (Sent Out) | D2: Operational (Sent Out) | E2: Operational (Sent Out) | F2: SWIS | G2: Actual | H2: 2019 | I2: 17.4202
A3: WEM ESOO 2024 | B3: 2024-06-18 | C3: Operational (Sent Out) | D3: Losses | E3: Distribution losses | F3: SWIS | G3: Actual | H3: 2019 | I3: 0.7939
A4: WEM ESOO 2024 | B4: 2024-06-18 | C4: Operational (Sent Out) | D4: Losses | E4: Transmission Losses | F4: SWIS | G4: Actual | H4: 2019 | I4: 0.6027
A5: WEM ESOO 2024 | B5: 2024-06-18 | C5: Operational (Sent Out) | D5: Small Non Scheduled Generation | E5: PVNSG generation | F5: SWIS | G5: Actual | H5: 2019 | I5: 0.0213
A6: WEM ESOO 2024 | B6: 2024-06-18 | C6: Operational (Sent Out) | D6: Operational (Sent Out) | E6: Operational (Sent Out) | F6: SWIS | G6: Actual | H6: 2020 | I6: 17.6643
A7: WEM ESOO 2024 | B7: 2024-06-18 | C7: Operational (Sent Out) | D7: Losses | E7: Distribution losses | F7: SWIS | G7: Actual | H7: 2020 | I7: 0.7937
A8: WEM ESOO 2024 | B8: 2024-06-18 | C8: Operational (Sent Out) | D8: Losses | E8: Transmission Losses | F8: SWIS | G8: Actual | H8: 2020 | I8: 0.5988
A9: WEM ESOO 2024 | B9: 2024-06-18 | C9: Operational (Sent Out) | D9: Small Non Scheduled Generation | E9: PVNSG generation | F9: SWIS | G9: Actual | H9: 2020 | I9: 0.039
A10: WEM ESOO 2024 | B10: 2024-06-18 | C10: Operational (Sent Out) | D10: Operational (Sent Out) | E10: Operational (Sent Out) | F10: SWIS | G10: Actual | H10: 2021 | I10: 17.5438
A11: WEM ESOO 2024 | B11: 2024-06-18 | C11: Operational (Sent Out) | D11: Losses | E11: Distribution losses | F11: SWIS | G11: Actual | H11: 2021 | I11: 0.8347
A12: WEM ESOO 2024 | B12: 2024-06-18 | C12: Operational (Sent Out) | D12: Losses | E12: Transmission Losses | F12: SWIS | G12: Actual | H12: 2021 | I12: 0.5842
A13: WEM ESOO 2024 | B13: 2024-06-18 | C13: Operational (Sent Out) | D13: Small Non Scheduled Generation | E13: PVNSG generation | F13: SWIS | G13: Actual | H13: 2021 | I13: 0.0571
... A208: WEM ESOO 2024 | B208: 2024-06-18 | C208: Operational (Sent Out) | D208: Rooftop PV | E208: Residential | F208: SWIS | G208: Expected (Step Change) | H208: 2034 | I208: 7.2083

Sheet notes
A2: Horizon Power Tariff setting methodology
B3: https://nwis.com.au/media/cfkhzdic/tariff-setting-methodology.pdf
D15: 2020 | E15: =D15+1 -> 2021 | F15: =E15+1 -> 2022 | G15: =F15+1 -> 2023 | H15: =G15+1 -> 2024 | I15: =H15+1 -> 2025 | J15: =I15+1 -> 2026 | K15: =J15+1 -> 2027 | L15: =K15+1 -> 2028 | ... X15: =W15+1 -> 2040
B16: P50 Peak demand | C16: kw | D16: 115000 | E16: 117000 | F16: 120000 | G16: 115000 | H16: 128310.5 | I16: =H16 -> 128310.5 | J16: 120000 | K16: =J16+$K$17 -> 121428.57 | L16: =K16+$K$17 -> 122857.14 | M16: =L16+$K$17 -> 124285.71 | N16: =M16+$K$17 -> 125714.29 | O16: =N16+$K$17 -> 127142.86 | P16: =O16+$K$17 -> 128571.43 | Q16: =P16+$K$17 -> 130000 | R16: =Q16+$K$17 -> 131428.57 | ... W16: =V16+$K$17 -> 138571.43 | X16: 140000
K17: =(X16-J16)/14 -> 1428.5714
B18: Assumed LF | D18: 1 | E18: =D18 -> 1 | F18: =E18 -> 1 | G18: =F18 -> 1 | H18: =G18 -> 1 | I18: =H18 -> 1 | J18: =I18 -> 1 | K18: =J18 -> 1 | L18: =K18 -> 1 | ... X18: =W18 -> 1
B19: Inferred Consumption forecast | C19: GWh | D19: =D16*8760/1000000/D18 -> 1007.4 | E19: =E16*8760/1000000/E18 -> 1024.92 | F19: =F16*8760/1000000/F18 -> 1051.2 | G19: =G16*8760/1000000/G18 -> 1007.4 | H19: =H16*8760/1000000/H18 -> 1124 | I19: =I16*8760/1000000/I18 -> 1124 | J19: =J16*8760/1000000/J18 -> 1051.2 | K19: =K16*8760/1000000/K18 -> 1063.7143 | ... X19: =X16*8760/1000000/X18 -> 1226.4
B20: Demand to mtach to | C20: GWh | H20: 1124
B21: (Assumes constant load factor)
D22: =D16*8760/1000000/D18 -> 1007.4
B24: Horizon Power Annual report
B25: https://www.horizonpower.com.au/globalassets/media/documents/annual-reports/20232024/horizon-power_annual-report-2024?v=4a6c54
B27: FY 2024 | E27: 1,124 GWh delivered | G27: p14 annual report
A31: Clen Energy Finance Corporation | E31: 45517
B32: Superpowering up Accelerating the electrification and decarbonisation of the Pilbara
B33: Figure 2.2 NWIS grid connected generation facilities
A62: Powerlink data on Mt Isa
A64: Queensland data from PowerLink (includes Mt Isa from 2032)
A65: Source | B65: https://www.powerlink.com.au/planning-report/transmission-annual-planning-report-2024
A66: Period ending | C66: =Summary!#REF! -> #REF! | D66: =Summary!#REF! -> #REF! | E66: =Summary!#REF! -> #REF! | F66: =Summary!#REF! -> #REF! | G66: =Summary!#REF! -> #REF! | H66: =Summary!#REF! -> #REF! | I66: =Summary!#REF! -> #REF! | J66: =Summary!#REF! -> #REF! | K66: =Summary!#REF! & "F" -> #REF! | L66: =Summary!#REF! & "F" -> #REF! | M66: =Summary!#REF! & "F" -> #REF! | N66: =Summary!#REF! & "F" -> #REF! | O66: =Summary!#REF! & "F" -> #REF! | P66: =Summary!#REF! & "F" -> #REF! | Q66: =Summary!#REF! & "F" -> #REF! | R66: =Summary!#REF! & "F" -> #REF! | ... T66: =Summary!#REF! & "F" -> #REF! | U66: 2035 | V66: =U66+1 -> 2036 | W66: =V66+1 -> 2037 | X66: =W66+1 -> 2038 | Y66: =X66+1 -> 2039 | Z66: =Y66+1 -> 2040
A67: PowerLink (Transmission Delivered) | C67: 49880 | D67: 48739 | E67: 48764 | F67: 47860 | G67: 47421.236 | H67: 47405.248 | I67: 46214.125 | J67: 47476.542 | K67: 46697.001 | L67: 48031.669 | M67: 48883.464 | N67: 50217.171 | O67: 52000.033 | P67: 53785.258 | Q67: 57649.942 | R67: 60434.265 | S67: 60436.719 | T67: 60515.941
A68: Report indicated Mt Isa being connected from 2032 @ 901GWh pa included above | R68: 901 | S68: 901 | T68: 901
A69: AEMO 2024 ESOO Step Change Op Sent Out (converted to Transmission Delievered) | K69: 46812.138 | L69: 47377.061 | M69: 47946.461 | N69: 48377.861 | O69: 48936.961 | P69: 50780.261 | Q69: 52588.761 | R69: 55240.56 | S69: 58118.961 | T69: 59695.461
A70: Difference to PowerLink | K70: =K69/K67-1 -> 0.0024656232 | L70: =L69/L67-1 -> -0.013628687 | M70: =M69/M67-1 -> -0.019168117 | N70: =N69/N67-1 -> -0.036627114 | O70: =O69/O67-1 -> -0.058905208 | P70: =P69/P67-1 -> -0.055870274 | Q70: =Q69/Q67-1 -> -0.087791618 | R70: =R69/R67-1 -> -0.085939724 | ... T70: =T69/T67-1 -> -0.013558084
A71: Difference to AEMO Op Sent Out | K71: =K69/Summary!#REF!-1 -> #REF! | L71: =L69/Summary!#REF!-1 -> #REF! | M71: =M69/Summary!#REF!-1 -> #REF! | N71: =N69/Summary!#REF!-1 -> #REF! | O71: =O69/Summary!#REF!-1 -> #REF! | P71: =P69/Summary!#REF!-1 -> #REF! | Q71: =Q69/Summary!#REF!-1 -> #REF! | R71: =R69/Summary!#REF!-1 -> #REF! | ... T71: =T69/Summary!#REF!-1 -> #REF!
A73: Whole of system Plan WA
A76: https://www.wa.gov.au/government/document-collections/whole-of-system-plan#:~:text=The%20Whole%20of%20System%20Plan,of%20our%20main%20electricity%20system.&text=Whole%20of%20System%20Planning%20provides,like%20over%20the%20coming%20decades.
A78: 20 YEAR PROJECTION 2020 TO 2040 FOR swis SYSTEM ONLY
B82: Techtopia senario (most like WA ESOO 2024) | G82: 21345.7 | H82: 22485.61 | I82: 24023.14 | J82: 25954.79 | K82: 28056.43 | L82: 30399.34 | M82: 33552.65 | N82: 34887.41 | O82: 35750.01 | P82: 36450.53 | Q82: 37679.16 | R82: 38719.62 | S82: 39453.33 | T82: 40362.76 | U82: 41201.14 | V82: 42472.48 | W82: 43109.98 | X82: 44401.67 | Y82: 45390.52 | Z82: 46876.33
B84: SWIS forecast (ESOO plus extension) | G84: =Summary!#REF! -> #REF! | H84: =Summary!#REF! -> #REF! | I84: =Summary!#REF! -> #REF! | J84: =Summary!#REF! -> #REF! | K84: =Summary!#REF! -> #REF! | L84: =Summary!#REF! -> #REF! | M84: =Summary!#REF! -> #REF! | N84: =Summary!#REF! -> #REF! | ... Z84: =Summary!#REF! -> #REF!
H85: =H84/G84-1 -> #REF! | I85: =I84/H84-1 -> #REF! | J85: =J84/I84-1 -> #REF! | K85: =K84/J84-1 -> #REF! | L85: =L84/K84-1 -> #REF! | M85: =M84/L84-1 -> #REF! | N85: =N84/M84-1 -> #REF! | O85: =O84/N84-1 -> #REF! | ... Z85: =Z84/Y84-1 -> #REF!
A108: Generation (sent out)
A110: Total generation figure from Commonwealth for Australia
A112: https://www.energy.gov.au/energy-data/australian-energy-statistics/electricity-generation
C115: 2022-23
C117: 274 | D117: TWh

Sheet Carbon budget
A1: year | B1: 2025 | C1: 2026 | D1: 2027 | E1: 2028 | F1: 2029 | G1: 2030 | H1: 2031 | I1: 2032 | J1: 2033 | K1: 2034 | L1: 2035 | M1: 2036 | N1: 2037 | O1: 2038 | P1: 2039 | Q1: 2040 | R1: 2041 | S1: 2042 | T1: 2043 | U1: 2044 | V1: 2045 | W1: 2046 | X1: 2047 | Y1: 2048 | Z1: 2049 | AA1: 2050
A2: underlying demand (TWh) | B2: =Summary!K80/1000 -> 238.33976 | C2: =Summary!L80/1000 -> 243.68774 | D2: =Summary!M80/1000 -> 250.5897 | E2: =Summary!N80/1000 -> 256.77762 | F2: =Summary!O80/1000 -> 262.90735 | G2: =Summary!P80/1000 -> 271.75039 | H2: =Summary!Q80/1000 -> 282.36327 | I2: =Summary!R80/1000 -> 293.59984 | ... AA2: =Summary!AJ80/1000 -> 479.86182
A3: interpolated emissions intensity (mt co2-e / TWh) | B3: ='CCA Emissions intensity'!B9 -> 0.52672934 | C3: =B3 + (C1-B1) * (G3-B3)/(G1-B1) -> 0.45533717 | D3: =B3 + (D1-B1) * (G3-B3)/(G1-B1) -> 0.38394501 | E3: =B3 + (E1-B1) * (G3-B3)/(G1-B1) -> 0.31255284 | F3: =B3 + (F1-B1) * (G3-B3)/(G1-B1) -> 0.24116067 | G3: ='CCA Emissions intensity'!C9 -> 0.1697685 | H3: =G3 + (H1-G1) * (L3-G3)/(L1-G1) -> 0.14402688 | I3: =G3 + (I1-G1) * (L3-G3)/(L1-G1) -> 0.11828526 | J3: =G3 + (J1-G1) * (L3-G3)/(L1-G1) -> 0.092543642 | K3: =G3 + (K1-G1) * (L3-G3)/(L1-G1) -> 0.066802022 | L3: ='CCA Emissions intensity'!D9 -> 0.041060401 | M3: =L3 + (M1-L1) * (Q3-L3)/(Q1-L1) -> 0.034284136 | N3: =L3 + (N1-L1) * (Q3-L3)/(Q1-L1) -> 0.02750787 | O3: =L3 + (O1-L1) * (Q3-L3)/(Q1-L1) -> 0.020731604 | P3: =L3 + (P1-L1) * (Q3-L3)/(Q1-L1) -> 0.013955338 | Q3: ='CCA Emissions intensity'!E9 -> 0.0071790721 | R3: =Q3 + (R1-Q1) * (V3-Q3)/(V1-Q1) -> 0.0068291484 | S3: =Q3 + (S1-Q1) * (V3-Q3)/(V1-Q1) -> 0.0064792247 | T3: =Q3 + (T1-Q1) * (V3-Q3)/(V1-Q1) -> 0.0061293011 | U3: =Q3 + (U1-Q1) * (V3-Q3)/(V1-Q1) -> 0.0057793774 | V3: ='CCA Emissions intensity'!F9 -> 0.0054294537 | W3: =V3 + (W1-V1) * (AA3-V3)/(AA1-V1) -> 0.0049823831 | X3: =V3 + (X1-V1) * (AA3-V3)/(AA1-V1) -> 0.0045353124 | Y3: =V3 + (Y1-V1) * (AA3-V3)/(AA1-V1) -> 0.0040882418 | Z3: =V3 + (Z1-V1) * (AA3-V3)/(AA1-V1) -> 0.0036411711 | AA3: ='CCA Emissions intensity'!G9 -> 0.0031941005
A4: emissions (mt co2-e) | B4: =B2*B3 -> 125.54054 | C4: =C2*C3 -> 110.96008 | D4: =D2*D3 -> 96.212665 | E4: =E2*E3 -> 80.256574 | F4: =F2*F3 -> 63.402912 | G4: =G2*G3 -> 46.134656 | H4: =H2*H3 -> 40.667901 | I4: =I2*I3 -> 34.728534 | ... AA4: =AA2*AA3 -> 1.5327269
A6: Total emissions budget 2025-2050 (mt co2-e) | B6: =SUM(B4:AA4) -> 719.20328 | D6: overal intensity (mt co2e/TWH) | E6: =B6/B7 -> 0.076294972
A7: Total generation (TWh) | B7: =SUM(Summary!J80:AJ80)/1000 -> 9426.6144
A8: Notes:
A9: CCA intensity is for total generation (on and off grid), including distributed PV. Projected generation for the NEM in AusTIMES (see below) used by CSIRO for CCA A40/1.5 aligns closely in early years with our generation as defined by operational sent out + rooftop PV. Definition used for CCA modelling is likely comparable to ours.
A14: Projected generation NEM, Climateworks/ CSIRO | C14: source: | D14: https://aemo.com.au/-/media/files/stakeholder_consultation/consultations/nem-consultations/2022/2023-inputs-assumptions-and-scenarios-consultation/supporting-materials-for-2023/csiro-climateworks-centre-2022-multisector-modelling-report.pdf

Sheet CCA Emissions intensity
A1: Figure 13 Emissions intensity of generation over time
A4: Mt CO2-e / TWh
A5: Generation Emissions Intensity
B7: 2025 | C7: 2030 | D7: 2035 | E7: 2040 | F7: 2045 | G7: 2050
A8: A50/G2 | B8: 0.53631424 | C8: 0.20158232 | D8: 0.061207992 | E8: 0.050102518 | F8: 0.019240999 | G8: 0.0053875693
A9: A40/G1.5 | B9: 0.52672934 | C9: 0.1697685 | D9: 0.041060401 | E9: 0.0071790721 | F9: 0.0054294537 | G9: 0.0031941005
A40: TWh | J40: TWh
A41: A50/G2: Electricity Generation Energy | J41: A40/G1.5: Electricity Generation Energy
B43: 2025 | C43: 2030 | D43: 2035 | E43: 2040 | F43: 2045 | G43: 2050 | K43: 2025 | L43: 2030 | M43: 2035 | N43: 2040 | O43: 2045 | P43: 2050
A44: Black Coal | B44: 88.867569 | C44: 40.589871 | D44: 0 | E44: 0 | F44: 0 | G44: 0 | J44: Black Coal | K44: 88.867569 | L44: 11.013884 | M44: 0 | N44: 0 | O44: 0 | P44: 0
A45: Brown Coal | B45: 29.55624 | C45: 10.547008 | D45: 0.37422641 | E45: 0 | F45: 0 | G45: 0 | J45: Brown Coal | K45: 29.55624 | L45: 13.156533 | M45: 0 | N45: 0 | O45: 0 | P45: 0
A46: Gas and liquids | B46: 29.141431 | C46: 28.994063 | D46: 43.731072 | E46: 41.433034 | F46: 19.977267 | G46: 6.7776483 | J46: Gas and liquids | K46: 29.141431 | L46: 46.3228 | M46: 29.234388 | N46: 8.7424794 | O46: 7.8480169 | P46: 5.0318643
A47: Wind | B47: 56.880763 | C47: 139.40501 | D47: 224.30966 | E47: 278.92025 | F47: 351.93655 | G47: 410.21492 | J47: Wind | K47: 56.880763 | L47: 127.76345 | M47: 258.7645 | N47: 374.33597 | O47: 393.17364 | P47: 415.34124
A48: Utility Solar | B48: 32.942438 | C48: 68.769785 | D48: 78.984709 | E48: 89.014697 | F48: 97.735035 | G48: 139.25202 | J48: Utility Solar | K48: 32.942438 | L48: 43.110656 | M48: 47.734945 | N48: 134.93663 | O48: 197.21605 | P48: 216.68115
A49: Distributed Solar | B49: 31.3848 | C49: 42.587781 | D49: 53.197222 | E49: 63.05343 | F49: 69.519428 | G49: 82.112829 | J49: Distributed Solar | K49: 31.3848 | L49: 67.374444 | M49: 74.327939 | N49: 90.627703 | O49: 99.784484 | P49: 110.64936
A50: Hydro Generation | B50: 3.5489515 | C50: 20.586384 | D50: 19.742841 | E50: 19.237839 | F50: 19.618885 | G50: 19.588809 | J50: Hydro Generation | K50: 3.5489515 | L50: 20.586381 | M50: 20.475952 | N50: 19.601976 | O50: 19.730736 | P50: 19.548935
A51: sum | B51: =SUM(B44:B50) -> 272.32219 | C51: =SUM(C44:C50) -> 351.4799 | D51: =SUM(D44:D50) -> 420.33973 | E51: =SUM(E44:E50) -> 491.65925 | F51: =SUM(F44:F50) -> 558.78717 | G51: =SUM(G44:G50) -> 657.94623 | J51: sum | K51: =SUM(K44:K50) -> 272.32219 | L51: =SUM(L44:L50) -> 329.32815 | M51: =SUM(M44:M50) -> 430.53772 | N51: =SUM(N44:N50) -> 628.24476 | O51: =SUM(O44:O50) -> 717.75292 | P51: =SUM(P44:P50) -> 767.25255
A52: per cent renewable | B52: =SUM(B50,B49,B48,B47)/B51 -> 0.4581226 | C52: =SUM(C50,C49,C48,C47)/C51 -> 0.77201842 | D52: =SUM(D50,D49,D48,D47)/D51 -> 0.89507226 | E52: =SUM(E50,E49,E48,E47)/E51 -> 0.91572815 | F52: =SUM(F50,F49,F48,F47)/F51 -> 0.96424888 | G52: =SUM(G50,G49,G48,G47)/G51 -> 0.98969878 | J52: per cent renewable | K52: =SUM(K50,K49,K48,K47)/K51 -> 0.4581226 | L52: =SUM(L50,L49,L48,L47)/L51 -> 0.7859484 | M52: =SUM(M50,M49,M48,M47)/M51 -> 0.93209796 | N52: =SUM(N50,N49,N48,N47)/N51 -> 0.98608428 | O52: =SUM(O50,O49,O48,O47)/O51 -> 0.98906585 | P52: =SUM(P50,P49,P48,P47)/P51 -> 0.99344171

Sheet NEM Emissions
A1: ISP 2024
A7: Emissions (Mt CO2-e) | B7: 2024-25 | C7: 2025-26 | D7: 2026-27 | E7: 2027-28 | F7: 2028-29 | G7: 2029-30 | H7: 2030-31 | I7: 2031-32 | J7: 2032-33 | K7: 2033-34 | L7: 2034-35 | M7: 2035-36 | N7: 2036-37 | O7: 2037-38 | P7: 2038-39 | Q7: 2039-40 | R7: 2040-41 | S7: 2041-42 | T7: 2042-43 | U7: 2043-44 | V7: 2044-45 | W7: 2045-46 | X7: 2046-47 | Y7: 2047-48 | Z7: 2048-49 | AA7: 2049-50 | AB7: 2050-51
A8: CDP3 | B8: 101.86652 | C8: 92.872769 | D8: 80.342883 | E8: 71.023941 | F8: 57.497252 | G8: 39.524445 | H8: 33.396812 | I8: 28.610724 | J8: 28.036075 | K8: 15.819181 | L8: 8.7230532 | M8: 8.3059239 | N8: 7.950505 | O8: 4.6742053 | P8: 4.2431067 | Q8: 6.9240958 | R8: 8.3762557 | S8: 7.6239304 | T8: 9.3110326 | U8: 10.162731 | V8: 8.3374755 | W8: 5.515473 | X8: 6.2026045 | Y8: 6.3773328 | Z8: 4.4336615 | AA8: 3.4700572 | AB8: 6.2691227
B10: 2024-25 to 2049-2050 | C10: 2025-26 to 2050-2051
A11: total budget mt co2-e | B11: =SUM(B8:AA8) -> 659.62204 | C11: =SUM(C8:AB8) -> 564.02465
A14: As-generated generation (TWh) | B14: 2024-25 | C14: 2025-26 | D14: 2026-27 | E14: 2027-28 | F14: 2028-29 | G14: 2029-30 | H14: 2030-31 | I14: 2031-32 | J14: 2032-33 | K14: 2033-34 | L14: 2034-35 | M14: 2035-36 | N14: 2036-37 | O14: 2037-38 | P14: 2038-39 | Q14: 2039-40 | R14: 2040-41 | S14: 2041-42 | T14: 2042-43 | U14: 2043-44 | V14: 2044-45 | W14: 2045-46 | X14: 2046-47 | Y14: 2047-48 | Z14: 2048-49 | AA14: 2049-50 | AB14: 2050-51
A15: Black coal | B15: 83.78891 | C15: 73.79268 | D15: 61.2378 | E15: 57.088293 | F15: 46.377347 | G15: 30.999163 | H15: 25.90456 | I15: 22.707779 | J15: 20.318275 | K15: 14.773799 | L15: 6.5731414 | M15: 6.4742903 | N15: 3.4206891 | O15: 0 | P15: 0 | Q15: 0 | R15: 0 | S15: 0 | T15: 0 | U15: 0 | V15: 0 | W15: 0 | X15: 0 | Y15: 0 | Z15: 0 | AA15: 0 | AB15: 0
A16: Brown coal | B16: 21.934219 | C16: 20.621949 | D16: 19.27429 | E16: 14.838496 | F16: 11.492282 | G16: 8.4731611 | H16: 7.9227567 | I16: 7.0390916 | J16: 7.9765533 | K16: 0 | L16: 0 | M16: 0 | N16: 0 | O16: 0 | P16: 0 | Q16: 0 | R16: 0 | S16: 0 | T16: 0 | U16: 0 | V16: 0 | W16: 0 | X16: 0 | Y16: 0 | Z16: 0 | AA16: 0 | AB16: 0
A17: Mid-merit gas | B17: 5.2247728 | C17: 8.247285 | D17: 8.6308469 | E17: 7.5554678 | F17: 8.4836541 | G17: 6.8324515 | H17: 4.4398122 | I17: 2.859527 | J17: 3.5088848 | K17: 5.3975755 | L17: 4.8818423 | M17: 4.6285686 | N17: 4.7157828 | O17: 3.6142999 | P17: 2.8072497 | Q17: 3.6337685 | R17: 3.6841245 | S17: 3.5393484 | T17: 4.4628502 | U17: 2.5397351 | V17: 2.0508413 | W17: 0.48916155 | X17: 0.41562152 | Y17: 0.40558193 | Z17: 0.32979609 | AA17: 0.3102278 | AB17: 0
A18: Flexible gas with CCS | B18: 0 | C18: 0 | D18: 0 | E18: 0 | F18: 0 | G18: 0 | H18: 0 | I18: 0 | J18: 0 | K18: 0 | L18: 0 | M18: 0 | N18: 0 | O18: 0 | P18: 0 | Q18: 0 | R18: 0 | S18: 0 | T18: 0 | U18: 0 | V18: 0 | W18: 0 | X18: 0 | Y18: 0 | Z18: 0 | AA18: 0 | AB18: 0
A19: Flexible gas | B19: 0.14022305 | C19: 0.19857865 | D19: 0.53746485 | E19: 0.79513604 | F19: 1.0943551 | G19: 0.63643857 | H19: 0.85962525 | I19: 0.31677978 | J19: 0.56444553 | K19: 2.4254994 | L19: 2.4313043 | M19: 2.0671771 | N19: 5.5428423 | O19: 5.3836535 | P19: 5.1403898 | Q19: 9.2134589 | R19: 11.688181 | S19: 10.533694 | T19: 12.802763 | U19: 15.618074 | V19: 12.810044 | W19: 9.1722121 | X19: 10.548747 | Y19: 10.69994 | Z19: 7.4540384 | AA19: 5.8182872 | AB19: 11.541373
A20: Hydro | B20: 13.568147 | C20: 16.172145 | D20: 13.136211 | E20: 13.922627 | F20: 13.255846 | G20: 13.530484 | H20: 14.185655 | I20: 13.519346 | J20: 13.012253 | K20: 17.026548 | L20: 13.894938 | M20: 13.129769 | N20: 15.566645 | O20: 12.747809 | P20: 12.688791 | Q20: 13.450325 | R20: 14.329562 | S20: 13.127183 | T20: 13.330456 | U20: 11.394265 | V20: 13.808073 | W20: 14.589921 | X20: 13.105209 | Y20: 13.129788 | Z20: 11.908727 | AA20: 11.67889 | AB20: 13.757079
A21: Utility storage | B21: 2.1563842 | C21: 5.4238495 | D21: 7.5026838 | E21: 9.1352334 | F21: 11.03194 | G21: 22.510215 | H21: 23.839563 | I21: 24.546328 | J21: 27.130593 | K21: 28.646732 | L21: 30.749125 | M21: 29.872752 | N21: 32.179337 | O21: 33.871813 | P21: 33.971746 | Q21: 31.800921 | R21: 32.870993 | S21: 29.648436 | T21: 29.1213 | U21: 29.738935 | V21: 28.132607 | W21: 27.931199 | X21: 26.94644 | Y21: 25.275792 | Z21: 25.524222 | AA21: 23.421008 | AB21: 22.191435
A22: Coordinated CER storage | B22: 0.67077251 | C22: 1.252056 | D22: 1.9452356 | E22: 2.8239036 | F22: 3.8096516 | G22: 5.4346161 | H22: 6.8516775 | I22: 8.3123951 | J22: 9.9399811 | K22: 11.761107 | L22: 13.789168 | M22: 16.094474 | N22: 18.027078 | O22: 20.467149 | P22: 22.873344 | Q22: 24.852238 | R22: 26.915933 | S22: 28.785484 | T22: 30.839005 | U22: 33.682475 | V22: 35.294976 | W22: 38.544511 | X22: 41.416519 | Y22: 43.988693 | Z22: 46.722082 | AA22: 49.225659 | AB22: 49.95907
A23: Passive CER storage | B23: 0.30970052 | C23: 0.43314749 | D23: 0.56422893 | E23: 0.68836983 | F23: 0.79272406 | G23: 0.89864645 | H23: 1.0752188 | I23: 1.2250575 | J23: 1.3631707 | K23: 1.5043945 | L23: 1.6367306 | M23: 1.7783342 | N23: 1.8972203 | O23: 1.9971119 | P23: 2.0911583 | Q23: 2.1832686 | R23: 2.2272265 | S23: 2.2781332 | T23: 2.307834 | U23: 2.334257 | V23: 2.3514465 | W23: 2.3657692 | X23: 2.3754266 | Y23: 2.3888727 | Z23: 2.3682534 | AA23: 2.3328594 | AB23: 2.417942
A24: Offshore wind | B24: 0 | C24: 0 | D24: 0 | E24: 0 | F24: 0 | G24: 0 | H24: 3.8046737 | I24: 7.7430309 | J24: 10.149647 | K24: 13.67049 | L24: 14.722684 | M24: 19.262058 | N24: 23.602659 | O24: 28.771163 | P24: 31.914837 | Q24: 37.365278 | R24: 36.655326 | S24: 37.022049 | T24: 35.006183 | U24: 33.969025 | V24: 34.705183 | W24: 34.692563 | X24: 34.528611 | Y24: 36.570681 | Z24: 33.582414 | AA24: 33.933372 | AB24: 34.956117
A25: Wind | B25: 38.13613 | C25: 44.812927 | D25: 64.488804 | E25: 76.455786 | F25: 93.966129 | G25: 121.27291 | H25: 125.2521 | I25: 129.70977 | J25: 133.71979 | K25: 139.84198 | L25: 153.63864 | M25: 153.3559 | N25: 150.69384 | O25: 158.18953 | P25: 161.33003 | Q25: 155.19437 | R25: 155.5185 | S25: 158.84361 | T25: 155.45036 | U25: 151.52541 | V25: 162.26741 | W25: 159.87114 | X25: 162.07088 | Y25: 162.91543 | Z25: 167.93877 | AA25: 165.5536 | AB25: 163.22438
A26: Utility solar | B26: 21.3786 | C26: 24.054649 | D26: 26.329226 | E26: 27.230392 | F26: 28.396921 | G26: 34.527968 | H26: 39.226773 | I26: 45.905115 | J26: 50.427897 | K26: 53.273287 | L26: 57.567563 | M26: 61.67496 | N26: 65.342613 | O26: 69.097126 | P26: 69.133752 | Q26: 69.806282 | R26: 71.781425 | S26: 75.377394 | T26: 83.225599 | U26: 96.079385 | V26: 89.75736 | W26: 101.45576 | X26: 103.19861 | Y26: 105.66408 | Z26: 111.37435 | AA26: 119.77193 | AB26: 114.98666
... A29: DSP | B29: 0.00045200437 | C29: 0.0020595049 | D29: 5.4502e-09 | E29: 0.00020841445 | F29: 0.0079680068 | G29: 0.044801641 | H29: 0.088675045 | I29: 1.0991215e-08 | J29: 0.016850991 | K29: 0.25250956 | L29: 0.21031277 | M29: 0.10564489 | N29: 0.40517932 | O29: 0.33283603 | P29: 0.12237616 | Q29: 0.22471315 | R29: 0.55165193 | S29: 0.24694983 | T29: 0.18645652 | U29: 0.40750733 | V29: 0.37317849 | W29: 0.32090973 | X29: 0.71845494 | Y29: 0.51731288 | Z29: 0.6980202 | AA29: 0.71047737 | AB29: 1.5777685
A30: Storage charging (TWh)
A31: Utility storage load | B31: -2.7140985 | C31: -6.5766405 | D31: -9.0995172 | E31: -11.017427 | F31: -13.478233 | G31: -28.379062 | H31: -29.654476 | I31: -30.925557 | J31: -33.819038 | K31: -36.131186 | L31: -38.597267 | M31: -37.781755 | N31: -40.340744 | O31: -42.881427 | P31: -42.68392 | Q31: -40.272446 | R31: -41.489486 | S31: -37.380255 | T31: -36.550164 | U31: -37.540521 | V31: -35.663126 | W31: -35.718152 | X31: -34.64956 | Y31: -33.453559 | Z31: -33.021086 | AA31: -31.058578 | AB31: -29.368509
A32: Coordinated CER storage load | B32: -0.67077252 | C32: -1.252056 | D32: -1.9452356 | E32: -2.8258766 | F32: -3.8082826 | G32: -5.4348302 | H32: -6.8903536 | I32: -8.409603 | J32: -10.100889 | K32: -12.059356 | L32: -14.199572 | M32: -16.683938 | N32: -18.767326 | O32: -21.484702 | P32: -24.17223 | Q32: -26.203206 | R32: -28.545148 | S32: -30.531099 | T32: -32.766439 | U32: -36.150537 | V32: -37.639478 | W32: -41.64568 | X32: -44.957636 | Y32: -48.028313 | Z32: -51.175616 | AA32: -54.142732 | AB32: -54.64347
A33: Passive CER storage load | B33: -0.36421644 | C33: -0.50980694 | D33: -0.66334074 | E33: -0.80703579 | F33: -0.92929805 | G33: -1.0526518 | H33: -1.2542629 | I33: -1.4321812 | J33: -1.5953643 | K33: -1.7537169 | L33: -1.9128964 | M33: -2.0785073 | N33: -2.2147233 | O33: -2.3301274 | P33: -2.4421338 | Q33: -2.5393223 | R33: -2.6003692 | S33: -2.648528 | T33: -2.6912015 | U33: -2.7206693 | V33: -2.7379794 | W33: -2.7605587 | X33: -2.7737627 | Y33: -2.7788662 | Z33: -2.7627756 | AA33: -2.7258529 | AB33: -2.8138148
A36: Total generation (TWh) | B36: =SUM(B15:B33) -> 212.07238 | C36: =SUM(C15:C33) -> 217.98666 | D36: =SUM(D15:D33) -> 226.09329 | E36: =SUM(E15:E33) -> 233.36658 | F36: =SUM(F15:F33) -> 241.44323 | G36: =SUM(G15:G33) -> 254.76197 | H36: =SUM(H15:H33) -> 263.50198 | I36: =SUM(I15:I33) -> 274.4044 | ... AB36: =SUM(AB15:AB33) -> 444.31224
A37: total emissions intensity - NEM | B37: =B8/B36 -> 0.48033843 | C37: =C8/C36 -> 0.42604795 | D37: =D8/D36 -> 0.35535279 | E37: =E8/E36 -> 0.30434495 | F37: =F8/F36 -> 0.23813984 | G37: =G8/G36 -> 0.15514264 | H37: =H8/H36 -> 0.12674217 | I37: =I8/I36 -> 0.10426482 | ... AB37: =AB8/AB36 -> 0.014109723
B38: 2024-25 to 2049-2050 | C38: 2025-26 to 2050-2051
A39: total generation (TWH) | B39: =SUM(B36:AA36) -> 8536.7251 | C39: =SUM(C36:AB36) -> 8768.965
A42: overall intensity | B42: =B11/B39 -> 0.077268746 | C42: =C11/C39 -> 0.06432055
A45: year | B45: 2025 | C45: 2026 | D45: 2027 | E45: 2028 | F45: 2029 | G45: 2030 | H45: 2031 | I45: 2032 | J45: 2033 | K45: 2034 | L45: 2035 | M45: 2036 | N45: 2037 | O45: 2038 | P45: 2039 | Q45: 2040 | R45: 2041 | S45: 2042 | T45: 2043 | U45: 2044 | V45: 2045 | W45: 2046 | X45: 2047 | Y45: 2048 | Z45: 2049 | AA45: 2050
A46: NEM intensity | B46: =B37 -> 0.48033843 | C46: =C37 -> 0.42604795 | D46: =D37 -> 0.35535279 | E46: =E37 -> 0.30434495 | F46: =F37 -> 0.23813984 | G46: =G37 -> 0.15514264 | H46: =H37 -> 0.12674217 | I46: =I37 -> 0.10426482 | ... AA46: =AA37 -> 0.0079250572
A47: CCA Intensity | B47: ='Carbon budget'!B3 -> 0.52672934 | C47: ='Carbon budget'!C3 -> 0.45533717 | D47: ='Carbon budget'!D3 -> 0.38394501 | E47: ='Carbon budget'!E3 -> 0.31255284 | F47: ='Carbon budget'!F3 -> 0.24116067 | G47: ='Carbon budget'!G3 -> 0.1697685 | H47: ='Carbon budget'!H3 -> 0.14402688 | I47: ='Carbon budget'!I3 -> 0.11828526 | ... AA47: ='Carbon budget'!AA3 -> 0.0031941005
